-- GENERATED BY scripts/import_warriors_csv.py
-- SOURCE: /mnt/c/Users/Ryohei/Downloads/武将データ のコピー - 武将ALL.csv
-- WARRIORS: 84
-- WEAPON_APTITUDES: 336
-- SKILLS: 168
-- WARRIOR_SKILLS: 168

DELETE FROM weapon_aptitudes;
DELETE FROM warrior_skills;
DELETE FROM skill_effects;
DELETE FROM skills;

INSERT INTO warriors (id, name, reading, rarity, cost, atk, int, guts, pol, atk_growth, int_growth, guts_growth, pol_growth, era, biography, sort_order, is_delete) VALUES (1, '呂布', 'リョフ', 5, 7, 100, 59, 80, 38, 3.37, 0.33, 2.24, 0.24, '三国時代', '後漢末の武将。董卓に仕えたのち自立するが、曹操に敗れ処刑された。武勇で名高い。', 1, 0) ON CONFLICT(id) DO UPDATE SET name = excluded.name, reading = excluded.reading, rarity = excluded.rarity, cost = excluded.cost, atk = excluded.atk, int = excluded.int, guts = excluded.guts, pol = excluded.pol, atk_growth = excluded.atk_growth, int_growth = excluded.int_growth, guts_growth = excluded.guts_growth, pol_growth = excluded.pol_growth, era = excluded.era, biography = excluded.biography, sort_order = excluded.sort_order, is_delete = excluded.is_delete;
INSERT INTO warriors (id, name, reading, rarity, cost, atk, int, guts, pol, atk_growth, int_growth, guts_growth, pol_growth, era, biography, sort_order, is_delete) VALUES (2, '張巡', 'チョウジュン', 5, 7, 71, 86, 90, 57, 1.18, 1.94, 2.65, 1.57, '唐', '唐の武将。安史の乱で睢陽を守り抜き、徹底抗戦して忠義を示した。', 2, 0) ON CONFLICT(id) DO UPDATE SET name = excluded.name, reading = excluded.reading, rarity = excluded.rarity, cost = excluded.cost, atk = excluded.atk, int = excluded.int, guts = excluded.guts, pol = excluded.pol, atk_growth = excluded.atk_growth, int_growth = excluded.int_growth, guts_growth = excluded.guts_growth, pol_growth = excluded.pol_growth, era = excluded.era, biography = excluded.biography, sort_order = excluded.sort_order, is_delete = excluded.is_delete;
INSERT INTO warriors (id, name, reading, rarity, cost, atk, int, guts, pol, atk_growth, int_growth, guts_growth, pol_growth, era, biography, sort_order, is_delete) VALUES (3, '趙雲', 'チョウウン', 5, 7, 92, 69, 71, 46, 2.76, 0.96, 1.8, 0.71, '三国時代', '三国時代の蜀の武将。劉備に仕え、長坂坡で単騎奮戦し名声を得た。', 3, 0) ON CONFLICT(id) DO UPDATE SET name = excluded.name, reading = excluded.reading, rarity = excluded.rarity, cost = excluded.cost, atk = excluded.atk, int = excluded.int, guts = excluded.guts, pol = excluded.pol, atk_growth = excluded.atk_growth, int_growth = excluded.int_growth, guts_growth = excluded.guts_growth, pol_growth = excluded.pol_growth, era = excluded.era, biography = excluded.biography, sort_order = excluded.sort_order, is_delete = excluded.is_delete;
INSERT INTO warriors (id, name, reading, rarity, cost, atk, int, guts, pol, atk_growth, int_growth, guts_growth, pol_growth, era, biography, sort_order, is_delete) VALUES (4, '岳飛', 'ガクヒ', 5, 7, 95, 71, 76, 47, 2.92, 1.2, 1.71, 0.7, '南宋', '南宋の名将。金と戦い連戦連勝するが、秦檜の讒言で処刑された忠臣。', 4, 0) ON CONFLICT(id) DO UPDATE SET name = excluded.name, reading = excluded.reading, rarity = excluded.rarity, cost = excluded.cost, atk = excluded.atk, int = excluded.int, guts = excluded.guts, pol = excluded.pol, atk_growth = excluded.atk_growth, int_growth = excluded.int_growth, guts_growth = excluded.guts_growth, pol_growth = excluded.pol_growth, era = excluded.era, biography = excluded.biography, sort_order = excluded.sort_order, is_delete = excluded.is_delete;
INSERT INTO warriors (id, name, reading, rarity, cost, atk, int, guts, pol, atk_growth, int_growth, guts_growth, pol_growth, era, biography, sort_order, is_delete) VALUES (5, '蘇定方', 'ソテイホウ', 5, 7, 82, 72, 80, 59, 2.53, 1.18, 2.04, 0.86, '唐', '唐の名将。高句麗・百済遠征で活躍し、唐の版図拡大に貢献した。', 5, 0) ON CONFLICT(id) DO UPDATE SET name = excluded.name, reading = excluded.reading, rarity = excluded.rarity, cost = excluded.cost, atk = excluded.atk, int = excluded.int, guts = excluded.guts, pol = excluded.pol, atk_growth = excluded.atk_growth, int_growth = excluded.int_growth, guts_growth = excluded.guts_growth, pol_growth = excluded.pol_growth, era = excluded.era, biography = excluded.biography, sort_order = excluded.sort_order, is_delete = excluded.is_delete;
INSERT INTO warriors (id, name, reading, rarity, cost, atk, int, guts, pol, atk_growth, int_growth, guts_growth, pol_growth, era, biography, sort_order, is_delete) VALUES (6, '後羿', 'コウゲイ', 5, 7, 95, 57, 65, 40, 2.65, 0.71, 1.73, 0.66, '神話時代', '古代神話の英雄。九つの太陽を射落としたと伝わる伝説的弓の名手。', 6, 0) ON CONFLICT(id) DO UPDATE SET name = excluded.name, reading = excluded.reading, rarity = excluded.rarity, cost = excluded.cost, atk = excluded.atk, int = excluded.int, guts = excluded.guts, pol = excluded.pol, atk_growth = excluded.atk_growth, int_growth = excluded.int_growth, guts_growth = excluded.guts_growth, pol_growth = excluded.pol_growth, era = excluded.era, biography = excluded.biography, sort_order = excluded.sort_order, is_delete = excluded.is_delete;
INSERT INTO warriors (id, name, reading, rarity, cost, atk, int, guts, pol, atk_growth, int_growth, guts_growth, pol_growth, era, biography, sort_order, is_delete) VALUES (7, '孫武', 'ソンブ', 5, 7, 72, 97, 76, 61, 1.02, 2.71, 1.84, 1.89, '春秋時代', '春秋時代の兵法家。『孫子』を著し、呉王に仕えて軍制改革を行った。', 7, 0) ON CONFLICT(id) DO UPDATE SET name = excluded.name, reading = excluded.reading, rarity = excluded.rarity, cost = excluded.cost, atk = excluded.atk, int = excluded.int, guts = excluded.guts, pol = excluded.pol, atk_growth = excluded.atk_growth, int_growth = excluded.int_growth, guts_growth = excluded.guts_growth, pol_growth = excluded.pol_growth, era = excluded.era, biography = excluded.biography, sort_order = excluded.sort_order, is_delete = excluded.is_delete;
INSERT INTO warriors (id, name, reading, rarity, cost, atk, int, guts, pol, atk_growth, int_growth, guts_growth, pol_growth, era, biography, sort_order, is_delete) VALUES (8, '楊戩', 'ヨウセン', 5, 7, 88, 88, 68, 52, 2.0, 2.0, 1.71, 1.3, '神話（道教）', '道教神話の神。二郎真君とも呼ばれ、妖魔退治の英雄として信仰される。', 8, 0) ON CONFLICT(id) DO UPDATE SET name = excluded.name, reading = excluded.reading, rarity = excluded.rarity, cost = excluded.cost, atk = excluded.atk, int = excluded.int, guts = excluded.guts, pol = excluded.pol, atk_growth = excluded.atk_growth, int_growth = excluded.int_growth, guts_growth = excluded.guts_growth, pol_growth = excluded.pol_growth, era = excluded.era, biography = excluded.biography, sort_order = excluded.sort_order, is_delete = excluded.is_delete;
INSERT INTO warriors (id, name, reading, rarity, cost, atk, int, guts, pol, atk_growth, int_growth, guts_growth, pol_growth, era, biography, sort_order, is_delete) VALUES (9, '陸遜', 'リクソン', 5, 7, 68, 97, 70, 62, 0.88, 3.0, 2.04, 2.04, '三国時代', '三国時代の呉の名将。夷陵の戦いで劉備軍を破り大勝した。', 9, 0) ON CONFLICT(id) DO UPDATE SET name = excluded.name, reading = excluded.reading, rarity = excluded.rarity, cost = excluded.cost, atk = excluded.atk, int = excluded.int, guts = excluded.guts, pol = excluded.pol, atk_growth = excluded.atk_growth, int_growth = excluded.int_growth, guts_growth = excluded.guts_growth, pol_growth = excluded.pol_growth, era = excluded.era, biography = excluded.biography, sort_order = excluded.sort_order, is_delete = excluded.is_delete;
INSERT INTO warriors (id, name, reading, rarity, cost, atk, int, guts, pol, atk_growth, int_growth, guts_growth, pol_growth, era, biography, sort_order, is_delete) VALUES (10, '梁紅玉', 'リョウコウギョク', 5, 6, 79, 66, 75, 61, 2.37, 1.1, 2.1, 1.92, '南宋', '南宋の女将。韓世忠の妻で、金軍との戦いで鼓を打ち士気を高めた。', 10, 0) ON CONFLICT(id) DO UPDATE SET name = excluded.name, reading = excluded.reading, rarity = excluded.rarity, cost = excluded.cost, atk = excluded.atk, int = excluded.int, guts = excluded.guts, pol = excluded.pol, atk_growth = excluded.atk_growth, int_growth = excluded.int_growth, guts_growth = excluded.guts_growth, pol_growth = excluded.pol_growth, era = excluded.era, biography = excluded.biography, sort_order = excluded.sort_order, is_delete = excluded.is_delete;
INSERT INTO warriors (id, name, reading, rarity, cost, atk, int, guts, pol, atk_growth, int_growth, guts_growth, pol_growth, era, biography, sort_order, is_delete) VALUES (11, '典韋', 'テンイ', 5, 6, 91, 61, 77, 42, 2.14, 0.61, 2.49, 0.62, '三国時代', '三国時代の魏の武将。曹操を守って戦死し、豪勇で知られる。', 11, 0) ON CONFLICT(id) DO UPDATE SET name = excluded.name, reading = excluded.reading, rarity = excluded.rarity, cost = excluded.cost, atk = excluded.atk, int = excluded.int, guts = excluded.guts, pol = excluded.pol, atk_growth = excluded.atk_growth, int_growth = excluded.int_growth, guts_growth = excluded.guts_growth, pol_growth = excluded.pol_growth, era = excluded.era, biography = excluded.biography, sort_order = excluded.sort_order, is_delete = excluded.is_delete;
INSERT INTO warriors (id, name, reading, rarity, cost, atk, int, guts, pol, atk_growth, int_growth, guts_growth, pol_growth, era, biography, sort_order, is_delete) VALUES (12, '于謙', 'ウケン', 5, 6, 68, 91, 86, 60, 1.06, 1.92, 2.41, 1.6, '明', '明の政治家。土木の変後に北京を守り、国家再建に尽力した忠臣。', 12, 0) ON CONFLICT(id) DO UPDATE SET name = excluded.name, reading = excluded.reading, rarity = excluded.rarity, cost = excluded.cost, atk = excluded.atk, int = excluded.int, guts = excluded.guts, pol = excluded.pol, atk_growth = excluded.atk_growth, int_growth = excluded.int_growth, guts_growth = excluded.guts_growth, pol_growth = excluded.pol_growth, era = excluded.era, biography = excluded.biography, sort_order = excluded.sort_order, is_delete = excluded.is_delete;
INSERT INTO warriors (id, name, reading, rarity, cost, atk, int, guts, pol, atk_growth, int_growth, guts_growth, pol_growth, era, biography, sort_order, is_delete) VALUES (13, '伍子胥', 'ゴシショ', 5, 6, 81, 78, 78, 51, 2.12, 1.06, 2.2, 0.93, '春秋時代', '春秋時代の呉の重臣。父兄の仇を討ち、呉を強国へ導いた。', 13, 0) ON CONFLICT(id) DO UPDATE SET name = excluded.name, reading = excluded.reading, rarity = excluded.rarity, cost = excluded.cost, atk = excluded.atk, int = excluded.int, guts = excluded.guts, pol = excluded.pol, atk_growth = excluded.atk_growth, int_growth = excluded.int_growth, guts_growth = excluded.guts_growth, pol_growth = excluded.pol_growth, era = excluded.era, biography = excluded.biography, sort_order = excluded.sort_order, is_delete = excluded.is_delete;
INSERT INTO warriors (id, name, reading, rarity, cost, atk, int, guts, pol, atk_growth, int_growth, guts_growth, pol_growth, era, biography, sort_order, is_delete) VALUES (14, '賈詡', 'カク', 5, 6, 58, 93, 71, 65, 0.65, 2.59, 2.04, 2.0, '三国時代', '三国時代の魏の謀士。的確な献策で曹操を補佐した知将。', 14, 0) ON CONFLICT(id) DO UPDATE SET name = excluded.name, reading = excluded.reading, rarity = excluded.rarity, cost = excluded.cost, atk = excluded.atk, int = excluded.int, guts = excluded.guts, pol = excluded.pol, atk_growth = excluded.atk_growth, int_growth = excluded.int_growth, guts_growth = excluded.guts_growth, pol_growth = excluded.pol_growth, era = excluded.era, biography = excluded.biography, sort_order = excluded.sort_order, is_delete = excluded.is_delete;
INSERT INTO warriors (id, name, reading, rarity, cost, atk, int, guts, pol, atk_growth, int_growth, guts_growth, pol_growth, era, biography, sort_order, is_delete) VALUES (15, '常遇春', 'ジョウグウシュン', 5, 6, 89, 57, 68, 44, 2.45, 0.88, 1.94, 0.79, '明', '明建国の功臣。朱元璋に従い各地を平定した猛将。', 15, 0) ON CONFLICT(id) DO UPDATE SET name = excluded.name, reading = excluded.reading, rarity = excluded.rarity, cost = excluded.cost, atk = excluded.atk, int = excluded.int, guts = excluded.guts, pol = excluded.pol, atk_growth = excluded.atk_growth, int_growth = excluded.int_growth, guts_growth = excluded.guts_growth, pol_growth = excluded.pol_growth, era = excluded.era, biography = excluded.biography, sort_order = excluded.sort_order, is_delete = excluded.is_delete;
INSERT INTO warriors (id, name, reading, rarity, cost, atk, int, guts, pol, atk_growth, int_growth, guts_growth, pol_growth, era, biography, sort_order, is_delete) VALUES (16, '廉頗', 'レンパ', 5, 6, 87, 78, 85, 49, 1.73, 1.16, 1.84, 1.1, '春秋時代', '戦国時代の趙の名将。長平以前の名将で藺相如との和解も有名。', 16, 0) ON CONFLICT(id) DO UPDATE SET name = excluded.name, reading = excluded.reading, rarity = excluded.rarity, cost = excluded.cost, atk = excluded.atk, int = excluded.int, guts = excluded.guts, pol = excluded.pol, atk_growth = excluded.atk_growth, int_growth = excluded.int_growth, guts_growth = excluded.guts_growth, pol_growth = excluded.pol_growth, era = excluded.era, biography = excluded.biography, sort_order = excluded.sort_order, is_delete = excluded.is_delete;
INSERT INTO warriors (id, name, reading, rarity, cost, atk, int, guts, pol, atk_growth, int_growth, guts_growth, pol_growth, era, biography, sort_order, is_delete) VALUES (17, '秦瓊', 'シンケイ', 5, 6, 88, 61, 68, 44, 2.39, 1.0, 2.08, 0.85, '唐', '唐建国の功臣。勇猛な武将として凌煙閣二十四功臣に列せられた。', 17, 0) ON CONFLICT(id) DO UPDATE SET name = excluded.name, reading = excluded.reading, rarity = excluded.rarity, cost = excluded.cost, atk = excluded.atk, int = excluded.int, guts = excluded.guts, pol = excluded.pol, atk_growth = excluded.atk_growth, int_growth = excluded.int_growth, guts_growth = excluded.guts_growth, pol_growth = excluded.pol_growth, era = excluded.era, biography = excluded.biography, sort_order = excluded.sort_order, is_delete = excluded.is_delete;
INSERT INTO warriors (id, name, reading, rarity, cost, atk, int, guts, pol, atk_growth, int_growth, guts_growth, pol_growth, era, biography, sort_order, is_delete) VALUES (18, '樊噲', 'ケンカイ', 5, 6, 88, 62, 77, 43, 2.31, 0.78, 1.94, 0.76, '前漢初期', '前漢初期の武将。劉邦を助け楚漢戦争で活躍した豪勇の士。', 18, 0) ON CONFLICT(id) DO UPDATE SET name = excluded.name, reading = excluded.reading, rarity = excluded.rarity, cost = excluded.cost, atk = excluded.atk, int = excluded.int, guts = excluded.guts, pol = excluded.pol, atk_growth = excluded.atk_growth, int_growth = excluded.int_growth, guts_growth = excluded.guts_growth, pol_growth = excluded.pol_growth, era = excluded.era, biography = excluded.biography, sort_order = excluded.sort_order, is_delete = excluded.is_delete;
INSERT INTO warriors (id, name, reading, rarity, cost, atk, int, guts, pol, atk_growth, int_growth, guts_growth, pol_growth, era, biography, sort_order, is_delete) VALUES (19, '王彦章', 'オウゲンショウ', 5, 6, 86, 65, 69, 46, 2.45, 0.84, 1.76, 0.77, '五代十国', '五代十国の後梁の武将。勇猛で晋軍と戦った。', 19, 0) ON CONFLICT(id) DO UPDATE SET name = excluded.name, reading = excluded.reading, rarity = excluded.rarity, cost = excluded.cost, atk = excluded.atk, int = excluded.int, guts = excluded.guts, pol = excluded.pol, atk_growth = excluded.atk_growth, int_growth = excluded.int_growth, guts_growth = excluded.guts_growth, pol_growth = excluded.pol_growth, era = excluded.era, biography = excluded.biography, sort_order = excluded.sort_order, is_delete = excluded.is_delete;
INSERT INTO warriors (id, name, reading, rarity, cost, atk, int, guts, pol, atk_growth, int_growth, guts_growth, pol_growth, era, biography, sort_order, is_delete) VALUES (20, '冉閔', 'ゼンビン', 5, 6, 85, 63, 72, 46, 2.35, 0.86, 2.1, 0.81, '五胡十六国', '五胡十六国時代の君主。胡漢対立の中で漢人政権を樹立した。', 20, 0) ON CONFLICT(id) DO UPDATE SET name = excluded.name, reading = excluded.reading, rarity = excluded.rarity, cost = excluded.cost, atk = excluded.atk, int = excluded.int, guts = excluded.guts, pol = excluded.pol, atk_growth = excluded.atk_growth, int_growth = excluded.int_growth, guts_growth = excluded.guts_growth, pol_growth = excluded.pol_growth, era = excluded.era, biography = excluded.biography, sort_order = excluded.sort_order, is_delete = excluded.is_delete;
INSERT INTO warriors (id, name, reading, rarity, cost, atk, int, guts, pol, atk_growth, int_growth, guts_growth, pol_growth, era, biography, sort_order, is_delete) VALUES (21, '龐統', 'ホウトウ', 5, 6, 67, 93, 68, 61, 0.27, 2.55, 2.14, 2.1, '三国時代', '三国時代の蜀の軍師。鳳雛と称されるが落鳳坡で戦死。', 21, 0) ON CONFLICT(id) DO UPDATE SET name = excluded.name, reading = excluded.reading, rarity = excluded.rarity, cost = excluded.cost, atk = excluded.atk, int = excluded.int, guts = excluded.guts, pol = excluded.pol, atk_growth = excluded.atk_growth, int_growth = excluded.int_growth, guts_growth = excluded.guts_growth, pol_growth = excluded.pol_growth, era = excluded.era, biography = excluded.biography, sort_order = excluded.sort_order, is_delete = excluded.is_delete;
INSERT INTO warriors (id, name, reading, rarity, cost, atk, int, guts, pol, atk_growth, int_growth, guts_growth, pol_growth, era, biography, sort_order, is_delete) VALUES (22, '黄忠', 'コウチュウ', 5, 6, 90, 65, 71, 45, 2.16, 0.71, 1.31, 0.83, '三国時代', '三国時代の蜀の老将。定軍山で夏侯淵を討ち名を上げた。', 22, 0) ON CONFLICT(id) DO UPDATE SET name = excluded.name, reading = excluded.reading, rarity = excluded.rarity, cost = excluded.cost, atk = excluded.atk, int = excluded.int, guts = excluded.guts, pol = excluded.pol, atk_growth = excluded.atk_growth, int_growth = excluded.int_growth, guts_growth = excluded.guts_growth, pol_growth = excluded.pol_growth, era = excluded.era, biography = excluded.biography, sort_order = excluded.sort_order, is_delete = excluded.is_delete;
INSERT INTO warriors (id, name, reading, rarity, cost, atk, int, guts, pol, atk_growth, int_growth, guts_growth, pol_growth, era, biography, sort_order, is_delete) VALUES (23, '華佗', 'カダ', 5, 6, 64, 87, 73, 60, 1.08, 2.27, 1.96, 1.72, '三国時代', '後漢末の名医。麻沸散を用いた外科手術で知られる。', 23, 0) ON CONFLICT(id) DO UPDATE SET name = excluded.name, reading = excluded.reading, rarity = excluded.rarity, cost = excluded.cost, atk = excluded.atk, int = excluded.int, guts = excluded.guts, pol = excluded.pol, atk_growth = excluded.atk_growth, int_growth = excluded.int_growth, guts_growth = excluded.guts_growth, pol_growth = excluded.pol_growth, era = excluded.era, biography = excluded.biography, sort_order = excluded.sort_order, is_delete = excluded.is_delete;
INSERT INTO warriors (id, name, reading, rarity, cost, atk, int, guts, pol, atk_growth, int_growth, guts_growth, pol_growth, era, biography, sort_order, is_delete) VALUES (24, '呂雉', 'リョチ', 5, 6, 50, 88, 60, 65, 0.55, 2.67, 1.92, 2.04, '前漢初期', '前漢初期の皇后。劉邦死後に実権を握った。', 24, 0) ON CONFLICT(id) DO UPDATE SET name = excluded.name, reading = excluded.reading, rarity = excluded.rarity, cost = excluded.cost, atk = excluded.atk, int = excluded.int, guts = excluded.guts, pol = excluded.pol, atk_growth = excluded.atk_growth, int_growth = excluded.int_growth, guts_growth = excluded.guts_growth, pol_growth = excluded.pol_growth, era = excluded.era, biography = excluded.biography, sort_order = excluded.sort_order, is_delete = excluded.is_delete;
INSERT INTO warriors (id, name, reading, rarity, cost, atk, int, guts, pol, atk_growth, int_growth, guts_growth, pol_growth, era, biography, sort_order, is_delete) VALUES (25, '李広', 'リコウ', 5, 6, 89, 73, 75, 48, 2.51, 0.51, 1.22, 0.64, '前漢', '前漢の名将。匈奴討伐で勇名を馳せた飛将軍。', 25, 0) ON CONFLICT(id) DO UPDATE SET name = excluded.name, reading = excluded.reading, rarity = excluded.rarity, cost = excluded.cost, atk = excluded.atk, int = excluded.int, guts = excluded.guts, pol = excluded.pol, atk_growth = excluded.atk_growth, int_growth = excluded.int_growth, guts_growth = excluded.guts_growth, pol_growth = excluded.pol_growth, era = excluded.era, biography = excluded.biography, sort_order = excluded.sort_order, is_delete = excluded.is_delete;
INSERT INTO warriors (id, name, reading, rarity, cost, atk, int, guts, pol, atk_growth, int_growth, guts_growth, pol_growth, era, biography, sort_order, is_delete) VALUES (26, '李存孝', 'リソンコウ', 5, 6, 93, 57, 67, 41, 2.8, 0.57, 1.65, 0.48, '五代十国', '五代十国の猛将。李克用に仕えた豪勇で伝説的存在。', 26, 0) ON CONFLICT(id) DO UPDATE SET name = excluded.name, reading = excluded.reading, rarity = excluded.rarity, cost = excluded.cost, atk = excluded.atk, int = excluded.int, guts = excluded.guts, pol = excluded.pol, atk_growth = excluded.atk_growth, int_growth = excluded.int_growth, guts_growth = excluded.guts_growth, pol_growth = excluded.pol_growth, era = excluded.era, biography = excluded.biography, sort_order = excluded.sort_order, is_delete = excluded.is_delete;
INSERT INTO warriors (id, name, reading, rarity, cost, atk, int, guts, pol, atk_growth, int_growth, guts_growth, pol_growth, era, biography, sort_order, is_delete) VALUES (27, '趙匡胤', 'チョウキョウイン', 5, 6, 85, 72, 73, 47, 2.35, 1.02, 1.55, 0.83, '北宋建国期', '北宋の初代皇帝。陳橋の変で即位し宋を建国。', 27, 0) ON CONFLICT(id) DO UPDATE SET name = excluded.name, reading = excluded.reading, rarity = excluded.rarity, cost = excluded.cost, atk = excluded.atk, int = excluded.int, guts = excluded.guts, pol = excluded.pol, atk_growth = excluded.atk_growth, int_growth = excluded.int_growth, guts_growth = excluded.guts_growth, pol_growth = excluded.pol_growth, era = excluded.era, biography = excluded.biography, sort_order = excluded.sort_order, is_delete = excluded.is_delete;
INSERT INTO warriors (id, name, reading, rarity, cost, atk, int, guts, pol, atk_growth, int_growth, guts_growth, pol_growth, era, biography, sort_order, is_delete) VALUES (28, '衛青', 'エンセイ', 5, 6, 86, 71, 74, 49, 2.47, 0.92, 1.8, 0.72, '前漢', '前漢の名将。匈奴を討ち武帝の信任を得た。', 28, 0) ON CONFLICT(id) DO UPDATE SET name = excluded.name, reading = excluded.reading, rarity = excluded.rarity, cost = excluded.cost, atk = excluded.atk, int = excluded.int, guts = excluded.guts, pol = excluded.pol, atk_growth = excluded.atk_growth, int_growth = excluded.int_growth, guts_growth = excluded.guts_growth, pol_growth = excluded.pol_growth, era = excluded.era, biography = excluded.biography, sort_order = excluded.sort_order, is_delete = excluded.is_delete;
INSERT INTO warriors (id, name, reading, rarity, cost, atk, int, guts, pol, atk_growth, int_growth, guts_growth, pol_growth, era, biography, sort_order, is_delete) VALUES (29, '戚継光', 'セキケイコウ', 5, 6, 84, 68, 74, 48, 2.53, 1.08, 1.41, 0.83, '明', '明の名将。倭寇討伐と軍制改革で功績を挙げた。', 29, 0) ON CONFLICT(id) DO UPDATE SET name = excluded.name, reading = excluded.reading, rarity = excluded.rarity, cost = excluded.cost, atk = excluded.atk, int = excluded.int, guts = excluded.guts, pol = excluded.pol, atk_growth = excluded.atk_growth, int_growth = excluded.int_growth, guts_growth = excluded.guts_growth, pol_growth = excluded.pol_growth, era = excluded.era, biography = excluded.biography, sort_order = excluded.sort_order, is_delete = excluded.is_delete;
INSERT INTO warriors (id, name, reading, rarity, cost, atk, int, guts, pol, atk_growth, int_growth, guts_growth, pol_growth, era, biography, sort_order, is_delete) VALUES (30, '穆桂英', 'ボクケイエイ', 5, 6, 80, 72, 68, 49, 2.65, 0.8, 1.27, 0.72, '北宋（伝説）', '北宋伝説の女将。楊家将物語で活躍する英雄。', 30, 0) ON CONFLICT(id) DO UPDATE SET name = excluded.name, reading = excluded.reading, rarity = excluded.rarity, cost = excluded.cost, atk = excluded.atk, int = excluded.int, guts = excluded.guts, pol = excluded.pol, atk_growth = excluded.atk_growth, int_growth = excluded.int_growth, guts_growth = excluded.guts_growth, pol_growth = excluded.pol_growth, era = excluded.era, biography = excluded.biography, sort_order = excluded.sort_order, is_delete = excluded.is_delete;
INSERT INTO warriors (id, name, reading, rarity, cost, atk, int, guts, pol, atk_growth, int_growth, guts_growth, pol_growth, era, biography, sort_order, is_delete) VALUES (31, '周亜夫', 'シュウアフ', 5, 6, 83, 70, 79, 47, 2.49, 0.98, 1.78, 0.77, '前漢', '前漢の名将。七国の乱を平定した。', 31, 0) ON CONFLICT(id) DO UPDATE SET name = excluded.name, reading = excluded.reading, rarity = excluded.rarity, cost = excluded.cost, atk = excluded.atk, int = excluded.int, guts = excluded.guts, pol = excluded.pol, atk_growth = excluded.atk_growth, int_growth = excluded.int_growth, guts_growth = excluded.guts_growth, pol_growth = excluded.pol_growth, era = excluded.era, biography = excluded.biography, sort_order = excluded.sort_order, is_delete = excluded.is_delete;
INSERT INTO warriors (id, name, reading, rarity, cost, atk, int, guts, pol, atk_growth, int_growth, guts_growth, pol_growth, era, biography, sort_order, is_delete) VALUES (32, '張良', 'チョウリョウ', 5, 6, 55, 95, 76, 66, 0.51, 2.67, 2.12, 2.06, '前漢初期', '前漢建国の功臣。劉邦を補佐した名軍師。', 32, 0) ON CONFLICT(id) DO UPDATE SET name = excluded.name, reading = excluded.reading, rarity = excluded.rarity, cost = excluded.cost, atk = excluded.atk, int = excluded.int, guts = excluded.guts, pol = excluded.pol, atk_growth = excluded.atk_growth, int_growth = excluded.int_growth, guts_growth = excluded.guts_growth, pol_growth = excluded.pol_growth, era = excluded.era, biography = excluded.biography, sort_order = excluded.sort_order, is_delete = excluded.is_delete;
INSERT INTO warriors (id, name, reading, rarity, cost, atk, int, guts, pol, atk_growth, int_growth, guts_growth, pol_growth, era, biography, sort_order, is_delete) VALUES (33, '李如松', 'リジョショウ', 5, 6, 75, 70, 66, 65, 2.24, 2.24, 1.0, 1.56, '明', '明の武将。豊臣秀吉の朝鮮出兵で明軍を率いた。', 33, 0) ON CONFLICT(id) DO UPDATE SET name = excluded.name, reading = excluded.reading, rarity = excluded.rarity, cost = excluded.cost, atk = excluded.atk, int = excluded.int, guts = excluded.guts, pol = excluded.pol, atk_growth = excluded.atk_growth, int_growth = excluded.int_growth, guts_growth = excluded.guts_growth, pol_growth = excluded.pol_growth, era = excluded.era, biography = excluded.biography, sort_order = excluded.sort_order, is_delete = excluded.is_delete;
INSERT INTO warriors (id, name, reading, rarity, cost, atk, int, guts, pol, atk_growth, int_growth, guts_growth, pol_growth, era, biography, sort_order, is_delete) VALUES (34, '慮姫', 'リョキ', 5, 5, 62, 80, 68, 58, 0.61, 2.24, 1.78, 1.87, '秦末（楚漢戦争）', '楚漢戦争期の女性。項羽の寵姫と伝わる虞美人。', 34, 0) ON CONFLICT(id) DO UPDATE SET name = excluded.name, reading = excluded.reading, rarity = excluded.rarity, cost = excluded.cost, atk = excluded.atk, int = excluded.int, guts = excluded.guts, pol = excluded.pol, atk_growth = excluded.atk_growth, int_growth = excluded.int_growth, guts_growth = excluded.guts_growth, pol_growth = excluded.pol_growth, era = excluded.era, biography = excluded.biography, sort_order = excluded.sort_order, is_delete = excluded.is_delete;
INSERT INTO warriors (id, name, reading, rarity, cost, atk, int, guts, pol, atk_growth, int_growth, guts_growth, pol_growth, era, biography, sort_order, is_delete) VALUES (35, '太公望', 'タイコウボウ', 5, 5, 65, 90, 68, 61, 0.22, 2.55, 2.0, 2.12, '殷末～西周（伝説）', '殷末周初の軍師。周武王を助け殷を滅ぼした伝説的人物。', 35, 0) ON CONFLICT(id) DO UPDATE SET name = excluded.name, reading = excluded.reading, rarity = excluded.rarity, cost = excluded.cost, atk = excluded.atk, int = excluded.int, guts = excluded.guts, pol = excluded.pol, atk_growth = excluded.atk_growth, int_growth = excluded.int_growth, guts_growth = excluded.guts_growth, pol_growth = excluded.pol_growth, era = excluded.era, biography = excluded.biography, sort_order = excluded.sort_order, is_delete = excluded.is_delete;
INSERT INTO warriors (id, name, reading, rarity, cost, atk, int, guts, pol, atk_growth, int_growth, guts_growth, pol_growth, era, biography, sort_order, is_delete) VALUES (36, '養由基', 'ヨウユウキ', 5, 5, 83, 56, 62, 44, 2.28, 0.65, 1.71, 0.77, '春秋時代', '春秋時代の楚の弓名人。百発百中の逸話で有名。', 36, 0) ON CONFLICT(id) DO UPDATE SET name = excluded.name, reading = excluded.reading, rarity = excluded.rarity, cost = excluded.cost, atk = excluded.atk, int = excluded.int, guts = excluded.guts, pol = excluded.pol, atk_growth = excluded.atk_growth, int_growth = excluded.int_growth, guts_growth = excluded.guts_growth, pol_growth = excluded.pol_growth, era = excluded.era, biography = excluded.biography, sort_order = excluded.sort_order, is_delete = excluded.is_delete;
INSERT INTO warriors (id, name, reading, rarity, cost, atk, int, guts, pol, atk_growth, int_growth, guts_growth, pol_growth, era, biography, sort_order, is_delete) VALUES (37, '貂蝉', 'チョウセン', 5, 5, 51, 81, 75, 63, 0.31, 2.02, 2.16, 1.9, '三国時代', '後漢末の伝説的美女。董卓と呂布の離間を図ったとされる。', 37, 0) ON CONFLICT(id) DO UPDATE SET name = excluded.name, reading = excluded.reading, rarity = excluded.rarity, cost = excluded.cost, atk = excluded.atk, int = excluded.int, guts = excluded.guts, pol = excluded.pol, atk_growth = excluded.atk_growth, int_growth = excluded.int_growth, guts_growth = excluded.guts_growth, pol_growth = excluded.pol_growth, era = excluded.era, biography = excluded.biography, sort_order = excluded.sort_order, is_delete = excluded.is_delete;
INSERT INTO warriors (id, name, reading, rarity, cost, atk, int, guts, pol, atk_growth, int_growth, guts_growth, pol_growth, era, biography, sort_order, is_delete) VALUES (38, '薛仁貴', 'セツジンキ', 5, 5, 82, 65, 65, 48, 2.0, 1.12, 1.22, 1.03, '唐', '唐の名将。高句麗遠征などで武功を挙げた。', 38, 0) ON CONFLICT(id) DO UPDATE SET name = excluded.name, reading = excluded.reading, rarity = excluded.rarity, cost = excluded.cost, atk = excluded.atk, int = excluded.int, guts = excluded.guts, pol = excluded.pol, atk_growth = excluded.atk_growth, int_growth = excluded.int_growth, guts_growth = excluded.guts_growth, pol_growth = excluded.pol_growth, era = excluded.era, biography = excluded.biography, sort_order = excluded.sort_order, is_delete = excluded.is_delete;
INSERT INTO warriors (id, name, reading, rarity, cost, atk, int, guts, pol, atk_growth, int_growth, guts_growth, pol_growth, era, biography, sort_order, is_delete) VALUES (39, '魯班', 'ロハン', 5, 5, 72, 82, 70, 56, 0.88, 2.22, 2.0, 1.77, '春秋時代', '春秋時代の工匠。木工の祖とされる伝説的人物。', 39, 0) ON CONFLICT(id) DO UPDATE SET name = excluded.name, reading = excluded.reading, rarity = excluded.rarity, cost = excluded.cost, atk = excluded.atk, int = excluded.int, guts = excluded.guts, pol = excluded.pol, atk_growth = excluded.atk_growth, int_growth = excluded.int_growth, guts_growth = excluded.guts_growth, pol_growth = excluded.pol_growth, era = excluded.era, biography = excluded.biography, sort_order = excluded.sort_order, is_delete = excluded.is_delete;
INSERT INTO warriors (id, name, reading, rarity, cost, atk, int, guts, pol, atk_growth, int_growth, guts_growth, pol_growth, era, biography, sort_order, is_delete) VALUES (40, '孫尚香', 'ソンショウコウ', 5, 5, 80, 60, 65, 47, 1.94, 1.12, 1.33, 1.05, '三国時代', '三国時代の呉の女性。孫権の妹で劉備に嫁いだ。', 40, 0) ON CONFLICT(id) DO UPDATE SET name = excluded.name, reading = excluded.reading, rarity = excluded.rarity, cost = excluded.cost, atk = excluded.atk, int = excluded.int, guts = excluded.guts, pol = excluded.pol, atk_growth = excluded.atk_growth, int_growth = excluded.int_growth, guts_growth = excluded.guts_growth, pol_growth = excluded.pol_growth, era = excluded.era, biography = excluded.biography, sort_order = excluded.sort_order, is_delete = excluded.is_delete;
INSERT INTO warriors (id, name, reading, rarity, cost, atk, int, guts, pol, atk_growth, int_growth, guts_growth, pol_growth, era, biography, sort_order, is_delete) VALUES (41, '王昭君', 'オウショウクン', 5, 5, 50, 83, 68, 64, 0.57, 2.31, 1.9, 1.91, '前漢', '前漢の女性。匈奴に嫁ぎ和親に貢献。', 41, 0) ON CONFLICT(id) DO UPDATE SET name = excluded.name, reading = excluded.reading, rarity = excluded.rarity, cost = excluded.cost, atk = excluded.atk, int = excluded.int, guts = excluded.guts, pol = excluded.pol, atk_growth = excluded.atk_growth, int_growth = excluded.int_growth, guts_growth = excluded.guts_growth, pol_growth = excluded.pol_growth, era = excluded.era, biography = excluded.biography, sort_order = excluded.sort_order, is_delete = excluded.is_delete;
INSERT INTO warriors (id, name, reading, rarity, cost, atk, int, guts, pol, atk_growth, int_growth, guts_growth, pol_growth, era, biography, sort_order, is_delete) VALUES (42, '魏徴', 'ギチョウ', 5, 5, 65, 87, 64, 60, 0.55, 2.57, 1.67, 2.01, '唐', '唐の名臣。太宗に諫言を続けた忠臣。', 42, 0) ON CONFLICT(id) DO UPDATE SET name = excluded.name, reading = excluded.reading, rarity = excluded.rarity, cost = excluded.cost, atk = excluded.atk, int = excluded.int, guts = excluded.guts, pol = excluded.pol, atk_growth = excluded.atk_growth, int_growth = excluded.int_growth, guts_growth = excluded.guts_growth, pol_growth = excluded.pol_growth, era = excluded.era, biography = excluded.biography, sort_order = excluded.sort_order, is_delete = excluded.is_delete;
INSERT INTO warriors (id, name, reading, rarity, cost, atk, int, guts, pol, atk_growth, int_growth, guts_growth, pol_growth, era, biography, sort_order, is_delete) VALUES (43, '楊延昭', 'ヨウエンショウ', 5, 5, 84, 66, 69, 57, 2.61, 0.73, 1.65, 0.68, '北宋', '北宋の名将。楊家将の一人として遼と戦った。', 43, 0) ON CONFLICT(id) DO UPDATE SET name = excluded.name, reading = excluded.reading, rarity = excluded.rarity, cost = excluded.cost, atk = excluded.atk, int = excluded.int, guts = excluded.guts, pol = excluded.pol, atk_growth = excluded.atk_growth, int_growth = excluded.int_growth, guts_growth = excluded.guts_growth, pol_growth = excluded.pol_growth, era = excluded.era, biography = excluded.biography, sort_order = excluded.sort_order, is_delete = excluded.is_delete;
INSERT INTO warriors (id, name, reading, rarity, cost, atk, int, guts, pol, atk_growth, int_growth, guts_growth, pol_growth, era, biography, sort_order, is_delete) VALUES (44, '蕭綽', 'ショウサク', 5, 5, 62, 83, 72, 59, 0.45, 2.49, 1.45, 2.01, '遼', '遼の皇太后。摂政として国政を主導。', 44, 0) ON CONFLICT(id) DO UPDATE SET name = excluded.name, reading = excluded.reading, rarity = excluded.rarity, cost = excluded.cost, atk = excluded.atk, int = excluded.int, guts = excluded.guts, pol = excluded.pol, atk_growth = excluded.atk_growth, int_growth = excluded.int_growth, guts_growth = excluded.guts_growth, pol_growth = excluded.pol_growth, era = excluded.era, biography = excluded.biography, sort_order = excluded.sort_order, is_delete = excluded.is_delete;
INSERT INTO warriors (id, name, reading, rarity, cost, atk, int, guts, pol, atk_growth, int_growth, guts_growth, pol_growth, era, biography, sort_order, is_delete) VALUES (45, '勾践', 'コウセン', 5, 5, 63, 87, 84, 52, 0.76, 2.55, 1.61, 1.32, '春秋時代', '春秋時代の越王。呉を滅ぼし復讐を果たした。', 45, 0) ON CONFLICT(id) DO UPDATE SET name = excluded.name, reading = excluded.reading, rarity = excluded.rarity, cost = excluded.cost, atk = excluded.atk, int = excluded.int, guts = excluded.guts, pol = excluded.pol, atk_growth = excluded.atk_growth, int_growth = excluded.int_growth, guts_growth = excluded.guts_growth, pol_growth = excluded.pol_growth, era = excluded.era, biography = excluded.biography, sort_order = excluded.sort_order, is_delete = excluded.is_delete;
INSERT INTO warriors (id, name, reading, rarity, cost, atk, int, guts, pol, atk_growth, int_growth, guts_growth, pol_growth, era, biography, sort_order, is_delete) VALUES (46, '岳雲', 'ガクウン', 5, 5, 93, 56, 75, 43, 2.51, 0.9, 1.61, 0.8, '南宋', '南宋の武将。岳飛の子で金と戦った。', 46, 0) ON CONFLICT(id) DO UPDATE SET name = excluded.name, reading = excluded.reading, rarity = excluded.rarity, cost = excluded.cost, atk = excluded.atk, int = excluded.int, guts = excluded.guts, pol = excluded.pol, atk_growth = excluded.atk_growth, int_growth = excluded.int_growth, guts_growth = excluded.guts_growth, pol_growth = excluded.pol_growth, era = excluded.era, biography = excluded.biography, sort_order = excluded.sort_order, is_delete = excluded.is_delete;
INSERT INTO warriors (id, name, reading, rarity, cost, atk, int, guts, pol, atk_growth, int_growth, guts_growth, pol_growth, era, biography, sort_order, is_delete) VALUES (47, '長孫晟', 'チョウソンセイ', 5, 5, 89, 61, 62, 46, 2.14, 0.78, 1.18, 0.86, '隋', '隋の将軍。突厥対策で功績を挙げた。', 47, 0) ON CONFLICT(id) DO UPDATE SET name = excluded.name, reading = excluded.reading, rarity = excluded.rarity, cost = excluded.cost, atk = excluded.atk, int = excluded.int, guts = excluded.guts, pol = excluded.pol, atk_growth = excluded.atk_growth, int_growth = excluded.int_growth, guts_growth = excluded.guts_growth, pol_growth = excluded.pol_growth, era = excluded.era, biography = excluded.biography, sort_order = excluded.sort_order, is_delete = excluded.is_delete;
INSERT INTO warriors (id, name, reading, rarity, cost, atk, int, guts, pol, atk_growth, int_growth, guts_growth, pol_growth, era, biography, sort_order, is_delete) VALUES (48, '張居正', 'チョウキョセイ', 5, 5, 50, 85, 66, 95, 0.5, 2.2, 1.7, 2.74, '明', '明の政治家。万暦期に改革を断行した。', 48, 0) ON CONFLICT(id) DO UPDATE SET name = excluded.name, reading = excluded.reading, rarity = excluded.rarity, cost = excluded.cost, atk = excluded.atk, int = excluded.int, guts = excluded.guts, pol = excluded.pol, atk_growth = excluded.atk_growth, int_growth = excluded.int_growth, guts_growth = excluded.guts_growth, pol_growth = excluded.pol_growth, era = excluded.era, biography = excluded.biography, sort_order = excluded.sort_order, is_delete = excluded.is_delete;
INSERT INTO warriors (id, name, reading, rarity, cost, atk, int, guts, pol, atk_growth, int_growth, guts_growth, pol_growth, era, biography, sort_order, is_delete) VALUES (49, '商鞅', 'ショウオウ', 5, 5, 46, 84, 70, 96, 0.6, 2.15, 1.39, 2.71, '戦国時代', '戦国時代の秦の改革者。変法で秦を強国化。', 49, 0) ON CONFLICT(id) DO UPDATE SET name = excluded.name, reading = excluded.reading, rarity = excluded.rarity, cost = excluded.cost, atk = excluded.atk, int = excluded.int, guts = excluded.guts, pol = excluded.pol, atk_growth = excluded.atk_growth, int_growth = excluded.int_growth, guts_growth = excluded.guts_growth, pol_growth = excluded.pol_growth, era = excluded.era, biography = excluded.biography, sort_order = excluded.sort_order, is_delete = excluded.is_delete;
INSERT INTO warriors (id, name, reading, rarity, cost, atk, int, guts, pol, atk_growth, int_growth, guts_growth, pol_growth, era, biography, sort_order, is_delete) VALUES (50, '宇文秦', 'ウブンシン', 5, 5, 77, 78, 64, 88, 1.69, 1.88, 1.53, 2.44, '北周系（南北朝時代）', '北周系の人物名とされるが詳細不明。', 50, 0) ON CONFLICT(id) DO UPDATE SET name = excluded.name, reading = excluded.reading, rarity = excluded.rarity, cost = excluded.cost, atk = excluded.atk, int = excluded.int, guts = excluded.guts, pol = excluded.pol, atk_growth = excluded.atk_growth, int_growth = excluded.int_growth, guts_growth = excluded.guts_growth, pol_growth = excluded.pol_growth, era = excluded.era, biography = excluded.biography, sort_order = excluded.sort_order, is_delete = excluded.is_delete;
INSERT INTO warriors (id, name, reading, rarity, cost, atk, int, guts, pol, atk_growth, int_growth, guts_growth, pol_growth, era, biography, sort_order, is_delete) VALUES (51, '樊梨花', 'ハンリカ', 5, 4, 70, 85, 70, 57, 0.41, 1.94, 1.63, 1.84, '唐（伝説）', '唐代伝説の女将。薛丁山物語で活躍。', 51, 0) ON CONFLICT(id) DO UPDATE SET name = excluded.name, reading = excluded.reading, rarity = excluded.rarity, cost = excluded.cost, atk = excluded.atk, int = excluded.int, guts = excluded.guts, pol = excluded.pol, atk_growth = excluded.atk_growth, int_growth = excluded.int_growth, guts_growth = excluded.guts_growth, pol_growth = excluded.pol_growth, era = excluded.era, biography = excluded.biography, sort_order = excluded.sort_order, is_delete = excluded.is_delete;
INSERT INTO warriors (id, name, reading, rarity, cost, atk, int, guts, pol, atk_growth, int_growth, guts_growth, pol_growth, era, biography, sort_order, is_delete) VALUES (52, '卓文君', 'タクブンクン', 5, 4, 47, 81, 68, 56, 0.57, 2.14, 1.73, 1.45, '前漢', '前漢の才女。司馬相如との恋愛で有名。', 52, 0) ON CONFLICT(id) DO UPDATE SET name = excluded.name, reading = excluded.reading, rarity = excluded.rarity, cost = excluded.cost, atk = excluded.atk, int = excluded.int, guts = excluded.guts, pol = excluded.pol, atk_growth = excluded.atk_growth, int_growth = excluded.int_growth, guts_growth = excluded.guts_growth, pol_growth = excluded.pol_growth, era = excluded.era, biography = excluded.biography, sort_order = excluded.sort_order, is_delete = excluded.is_delete;
INSERT INTO warriors (id, name, reading, rarity, cost, atk, int, guts, pol, atk_growth, int_growth, guts_growth, pol_growth, era, biography, sort_order, is_delete) VALUES (53, '李秀寧', 'リシュウネイ', 5, 4, 91, 69, 76, 71, 1.98, 0.87, 1.5, 0.9, '唐', '唐建国の女性将軍。平陽公主と称される。', 53, 0) ON CONFLICT(id) DO UPDATE SET name = excluded.name, reading = excluded.reading, rarity = excluded.rarity, cost = excluded.cost, atk = excluded.atk, int = excluded.int, guts = excluded.guts, pol = excluded.pol, atk_growth = excluded.atk_growth, int_growth = excluded.int_growth, guts_growth = excluded.guts_growth, pol_growth = excluded.pol_growth, era = excluded.era, biography = excluded.biography, sort_order = excluded.sort_order, is_delete = excluded.is_delete;
INSERT INTO warriors (id, name, reading, rarity, cost, atk, int, guts, pol, atk_growth, int_growth, guts_growth, pol_growth, era, biography, sort_order, is_delete) VALUES (56, '羅成', 'ラセイ', 4, 6, 75, 63, 59, 45, 1.84, 0.65, 0.92, 0.69, '隋唐演義', '隋唐演義の創作武将。勇猛な若武者として描かれる。', 54, 0) ON CONFLICT(id) DO UPDATE SET name = excluded.name, reading = excluded.reading, rarity = excluded.rarity, cost = excluded.cost, atk = excluded.atk, int = excluded.int, guts = excluded.guts, pol = excluded.pol, atk_growth = excluded.atk_growth, int_growth = excluded.int_growth, guts_growth = excluded.guts_growth, pol_growth = excluded.pol_growth, era = excluded.era, biography = excluded.biography, sort_order = excluded.sort_order, is_delete = excluded.is_delete;
INSERT INTO warriors (id, name, reading, rarity, cost, atk, int, guts, pol, atk_growth, int_growth, guts_growth, pol_growth, era, biography, sort_order, is_delete) VALUES (57, '董卓', 'トウタク', 4, 6, 68, 55, 65, 45, 1.78, 0.51, 1.43, 0.67, '三国時代', '後漢末の軍閥。洛陽で専横し諸侯に討たれた。', 55, 0) ON CONFLICT(id) DO UPDATE SET name = excluded.name, reading = excluded.reading, rarity = excluded.rarity, cost = excluded.cost, atk = excluded.atk, int = excluded.int, guts = excluded.guts, pol = excluded.pol, atk_growth = excluded.atk_growth, int_growth = excluded.int_growth, guts_growth = excluded.guts_growth, pol_growth = excluded.pol_growth, era = excluded.era, biography = excluded.biography, sort_order = excluded.sort_order, is_delete = excluded.is_delete;
INSERT INTO warriors (id, name, reading, rarity, cost, atk, int, guts, pol, atk_growth, int_growth, guts_growth, pol_growth, era, biography, sort_order, is_delete) VALUES (58, '李陵', 'リリョウ', 4, 6, 74, 63, 65, 47, 1.47, 0.51, 1.16, 0.73, '前漢', '前漢の将軍。匈奴に降り波乱の生涯を送った。', 56, 0) ON CONFLICT(id) DO UPDATE SET name = excluded.name, reading = excluded.reading, rarity = excluded.rarity, cost = excluded.cost, atk = excluded.atk, int = excluded.int, guts = excluded.guts, pol = excluded.pol, atk_growth = excluded.atk_growth, int_growth = excluded.int_growth, guts_growth = excluded.guts_growth, pol_growth = excluded.pol_growth, era = excluded.era, biography = excluded.biography, sort_order = excluded.sort_order, is_delete = excluded.is_delete;
INSERT INTO warriors (id, name, reading, rarity, cost, atk, int, guts, pol, atk_growth, int_growth, guts_growth, pol_growth, era, biography, sort_order, is_delete) VALUES (59, '曹丕', 'ソウヒ', 4, 5, 65, 72, 53, 51, 0.84, 1.51, 0.86, 1.25, '三国時代', '三国時代の魏の初代皇帝。後漢を滅ぼした。', 57, 0) ON CONFLICT(id) DO UPDATE SET name = excluded.name, reading = excluded.reading, rarity = excluded.rarity, cost = excluded.cost, atk = excluded.atk, int = excluded.int, guts = excluded.guts, pol = excluded.pol, atk_growth = excluded.atk_growth, int_growth = excluded.int_growth, guts_growth = excluded.guts_growth, pol_growth = excluded.pol_growth, era = excluded.era, biography = excluded.biography, sort_order = excluded.sort_order, is_delete = excluded.is_delete;
INSERT INTO warriors (id, name, reading, rarity, cost, atk, int, guts, pol, atk_growth, int_growth, guts_growth, pol_growth, era, biography, sort_order, is_delete) VALUES (60, '田単', 'デンタン', 4, 5, 58, 78, 61, 55, 0.49, 1.51, 1.31, 1.47, '春秋時代', '戦国時代の斉の将。火牛の計で燕軍を破る。', 58, 0) ON CONFLICT(id) DO UPDATE SET name = excluded.name, reading = excluded.reading, rarity = excluded.rarity, cost = excluded.cost, atk = excluded.atk, int = excluded.int, guts = excluded.guts, pol = excluded.pol, atk_growth = excluded.atk_growth, int_growth = excluded.int_growth, guts_growth = excluded.guts_growth, pol_growth = excluded.pol_growth, era = excluded.era, biography = excluded.biography, sort_order = excluded.sort_order, is_delete = excluded.is_delete;
INSERT INTO warriors (id, name, reading, rarity, cost, atk, int, guts, pol, atk_growth, int_growth, guts_growth, pol_growth, era, biography, sort_order, is_delete) VALUES (61, '関銀屏', 'カンギンペイ', 4, 5, 80, 57, 65, 43, 1.23, 0.61, 1.24, 0.83, '三国時代', '三国志演義の人物。関羽の娘とされる伝承。', 59, 0) ON CONFLICT(id) DO UPDATE SET name = excluded.name, reading = excluded.reading, rarity = excluded.rarity, cost = excluded.cost, atk = excluded.atk, int = excluded.int, guts = excluded.guts, pol = excluded.pol, atk_growth = excluded.atk_growth, int_growth = excluded.int_growth, guts_growth = excluded.guts_growth, pol_growth = excluded.pol_growth, era = excluded.era, biography = excluded.biography, sort_order = excluded.sort_order, is_delete = excluded.is_delete;
INSERT INTO warriors (id, name, reading, rarity, cost, atk, int, guts, pol, atk_growth, int_growth, guts_growth, pol_growth, era, biography, sort_order, is_delete) VALUES (62, '王猛', 'オウモウ', 4, 5, 53, 79, 59, 56, 0.39, 1.64, 1.26, 1.46, '前秦', '前秦の政治家。苻堅を補佐し国力を高めた。', 60, 0) ON CONFLICT(id) DO UPDATE SET name = excluded.name, reading = excluded.reading, rarity = excluded.rarity, cost = excluded.cost, atk = excluded.atk, int = excluded.int, guts = excluded.guts, pol = excluded.pol, atk_growth = excluded.atk_growth, int_growth = excluded.int_growth, guts_growth = excluded.guts_growth, pol_growth = excluded.pol_growth, era = excluded.era, biography = excluded.biography, sort_order = excluded.sort_order, is_delete = excluded.is_delete;
INSERT INTO warriors (id, name, reading, rarity, cost, atk, int, guts, pol, atk_growth, int_growth, guts_growth, pol_growth, era, biography, sort_order, is_delete) VALUES (63, '公孫瓚', 'コウソンサン', 4, 5, 74, 47, 56, 41, 1.69, 0.69, 0.96, 0.75, '三国時代', '後漢末の群雄。北方で勢力を築いた。', 61, 0) ON CONFLICT(id) DO UPDATE SET name = excluded.name, reading = excluded.reading, rarity = excluded.rarity, cost = excluded.cost, atk = excluded.atk, int = excluded.int, guts = excluded.guts, pol = excluded.pol, atk_growth = excluded.atk_growth, int_growth = excluded.int_growth, guts_growth = excluded.guts_growth, pol_growth = excluded.pol_growth, era = excluded.era, biography = excluded.biography, sort_order = excluded.sort_order, is_delete = excluded.is_delete;
INSERT INTO warriors (id, name, reading, rarity, cost, atk, int, guts, pol, atk_growth, int_growth, guts_growth, pol_growth, era, biography, sort_order, is_delete) VALUES (64, '李淵', 'リエン', 4, 5, 70, 68, 57, 48, 1.55, 0.69, 0.84, 0.79, '唐建国期', '唐の初代皇帝。隋を倒し唐を建国。', 62, 0) ON CONFLICT(id) DO UPDATE SET name = excluded.name, reading = excluded.reading, rarity = excluded.rarity, cost = excluded.cost, atk = excluded.atk, int = excluded.int, guts = excluded.guts, pol = excluded.pol, atk_growth = excluded.atk_growth, int_growth = excluded.int_growth, guts_growth = excluded.guts_growth, pol_growth = excluded.pol_growth, era = excluded.era, biography = excluded.biography, sort_order = excluded.sort_order, is_delete = excluded.is_delete;
INSERT INTO warriors (id, name, reading, rarity, cost, atk, int, guts, pol, atk_growth, int_growth, guts_growth, pol_growth, era, biography, sort_order, is_delete) VALUES (65, '徐晃', 'ジョコウ', 4, 5, 79, 49, 63, 40, 1.65, 0.45, 1.27, 0.69, '三国時代', '三国時代の魏の名将。樊城の戦いで活躍。', 63, 0) ON CONFLICT(id) DO UPDATE SET name = excluded.name, reading = excluded.reading, rarity = excluded.rarity, cost = excluded.cost, atk = excluded.atk, int = excluded.int, guts = excluded.guts, pol = excluded.pol, atk_growth = excluded.atk_growth, int_growth = excluded.int_growth, guts_growth = excluded.guts_growth, pol_growth = excluded.pol_growth, era = excluded.era, biography = excluded.biography, sort_order = excluded.sort_order, is_delete = excluded.is_delete;
INSERT INTO warriors (id, name, reading, rarity, cost, atk, int, guts, pol, atk_growth, int_growth, guts_growth, pol_growth, era, biography, sort_order, is_delete) VALUES (66, '扁鵲', 'ヘンジャク', 4, 5, 53, 70, 54, 54, 0.8, 1.43, 1.14, 1.24, '春秋時代', '戦国時代の名医。中国医学の祖とされる。', 64, 0) ON CONFLICT(id) DO UPDATE SET name = excluded.name, reading = excluded.reading, rarity = excluded.rarity, cost = excluded.cost, atk = excluded.atk, int = excluded.int, guts = excluded.guts, pol = excluded.pol, atk_growth = excluded.atk_growth, int_growth = excluded.int_growth, guts_growth = excluded.guts_growth, pol_growth = excluded.pol_growth, era = excluded.era, biography = excluded.biography, sort_order = excluded.sort_order, is_delete = excluded.is_delete;
INSERT INTO warriors (id, name, reading, rarity, cost, atk, int, guts, pol, atk_growth, int_growth, guts_growth, pol_growth, era, biography, sort_order, is_delete) VALUES (67, '李成梁', 'リセイリョウ', 4, 5, 66, 62, 85, 46, 1.2, 0.78, 1.63, 0.95, '明', '明の武将。遼東防衛で功績。', 65, 0) ON CONFLICT(id) DO UPDATE SET name = excluded.name, reading = excluded.reading, rarity = excluded.rarity, cost = excluded.cost, atk = excluded.atk, int = excluded.int, guts = excluded.guts, pol = excluded.pol, atk_growth = excluded.atk_growth, int_growth = excluded.int_growth, guts_growth = excluded.guts_growth, pol_growth = excluded.pol_growth, era = excluded.era, biography = excluded.biography, sort_order = excluded.sort_order, is_delete = excluded.is_delete;
INSERT INTO warriors (id, name, reading, rarity, cost, atk, int, guts, pol, atk_growth, int_growth, guts_growth, pol_growth, era, biography, sort_order, is_delete) VALUES (68, '章邯', 'ショウカン', 4, 5, 77, 65, 60, 45, 1.67, 0.41, 1.02, 0.67, '秦末', '秦末の将軍。反乱軍と戦うが項羽に敗れる。', 66, 0) ON CONFLICT(id) DO UPDATE SET name = excluded.name, reading = excluded.reading, rarity = excluded.rarity, cost = excluded.cost, atk = excluded.atk, int = excluded.int, guts = excluded.guts, pol = excluded.pol, atk_growth = excluded.atk_growth, int_growth = excluded.int_growth, guts_growth = excluded.guts_growth, pol_growth = excluded.pol_growth, era = excluded.era, biography = excluded.biography, sort_order = excluded.sort_order, is_delete = excluded.is_delete;
INSERT INTO warriors (id, name, reading, rarity, cost, atk, int, guts, pol, atk_growth, int_growth, guts_growth, pol_growth, era, biography, sort_order, is_delete) VALUES (69, '班超', 'ハンチョウ', 4, 5, 64, 70, 45, 51, 1.04, 1.53, 0.94, 1.2, '三国時代', '後漢の将軍。西域経営で功績を挙げた。', 67, 0) ON CONFLICT(id) DO UPDATE SET name = excluded.name, reading = excluded.reading, rarity = excluded.rarity, cost = excluded.cost, atk = excluded.atk, int = excluded.int, guts = excluded.guts, pol = excluded.pol, atk_growth = excluded.atk_growth, int_growth = excluded.int_growth, guts_growth = excluded.guts_growth, pol_growth = excluded.pol_growth, era = excluded.era, biography = excluded.biography, sort_order = excluded.sort_order, is_delete = excluded.is_delete;
INSERT INTO warriors (id, name, reading, rarity, cost, atk, int, guts, pol, atk_growth, int_growth, guts_growth, pol_growth, era, biography, sort_order, is_delete) VALUES (70, '劉曄', 'リュウヨウ', 4, 5, 55, 71, 60, 54, 0.53, 1.57, 1.12, 1.36, '三国時代', '三国時代の魏の官僚。曹操に仕え献策。', 68, 0) ON CONFLICT(id) DO UPDATE SET name = excluded.name, reading = excluded.reading, rarity = excluded.rarity, cost = excluded.cost, atk = excluded.atk, int = excluded.int, guts = excluded.guts, pol = excluded.pol, atk_growth = excluded.atk_growth, int_growth = excluded.int_growth, guts_growth = excluded.guts_growth, pol_growth = excluded.pol_growth, era = excluded.era, biography = excluded.biography, sort_order = excluded.sort_order, is_delete = excluded.is_delete;
INSERT INTO warriors (id, name, reading, rarity, cost, atk, int, guts, pol, atk_growth, int_growth, guts_growth, pol_growth, era, biography, sort_order, is_delete) VALUES (71, '程咬金', 'テイコウキン', 4, 5, 80, 45, 60, 39, 1.88, 0.49, 0.98, 0.63, '唐建国期', '唐の武将。豪放な性格で知られる功臣。', 69, 0) ON CONFLICT(id) DO UPDATE SET name = excluded.name, reading = excluded.reading, rarity = excluded.rarity, cost = excluded.cost, atk = excluded.atk, int = excluded.int, guts = excluded.guts, pol = excluded.pol, atk_growth = excluded.atk_growth, int_growth = excluded.int_growth, guts_growth = excluded.guts_growth, pol_growth = excluded.pol_growth, era = excluded.era, biography = excluded.biography, sort_order = excluded.sort_order, is_delete = excluded.is_delete;
INSERT INTO warriors (id, name, reading, rarity, cost, atk, int, guts, pol, atk_growth, int_growth, guts_growth, pol_growth, era, biography, sort_order, is_delete) VALUES (72, '祖沖之', 'ソチュウシ', 4, 5, 43, 74, 65, 86, 0.65, 1.24, 1.39, 2.53, '南北朝', '南北朝の数学者。円周率を高精度で算出。', 70, 0) ON CONFLICT(id) DO UPDATE SET name = excluded.name, reading = excluded.reading, rarity = excluded.rarity, cost = excluded.cost, atk = excluded.atk, int = excluded.int, guts = excluded.guts, pol = excluded.pol, atk_growth = excluded.atk_growth, int_growth = excluded.int_growth, guts_growth = excluded.guts_growth, pol_growth = excluded.pol_growth, era = excluded.era, biography = excluded.biography, sort_order = excluded.sort_order, is_delete = excluded.is_delete;
INSERT INTO warriors (id, name, reading, rarity, cost, atk, int, guts, pol, atk_growth, int_growth, guts_growth, pol_growth, era, biography, sort_order, is_delete) VALUES (73, '朱文正', 'シュブンセイ', 4, 5, 64, 59, 80, 46, 0.78, 0.8, 1.55, 0.77, '明', '明建国期の武将。洪武帝に仕えた。', 71, 0) ON CONFLICT(id) DO UPDATE SET name = excluded.name, reading = excluded.reading, rarity = excluded.rarity, cost = excluded.cost, atk = excluded.atk, int = excluded.int, guts = excluded.guts, pol = excluded.pol, atk_growth = excluded.atk_growth, int_growth = excluded.int_growth, guts_growth = excluded.guts_growth, pol_growth = excluded.pol_growth, era = excluded.era, biography = excluded.biography, sort_order = excluded.sort_order, is_delete = excluded.is_delete;
INSERT INTO warriors (id, name, reading, rarity, cost, atk, int, guts, pol, atk_growth, int_growth, guts_growth, pol_growth, era, biography, sort_order, is_delete) VALUES (74, '哲別', 'テツベツ', 4, 4, 73, 46, 50, 41, 1.55, 0.65, 0.88, 0.78, 'モンゴル帝国初期', 'モンゴル帝国の将軍。チンギス・ハンに従う。', 72, 0) ON CONFLICT(id) DO UPDATE SET name = excluded.name, reading = excluded.reading, rarity = excluded.rarity, cost = excluded.cost, atk = excluded.atk, int = excluded.int, guts = excluded.guts, pol = excluded.pol, atk_growth = excluded.atk_growth, int_growth = excluded.int_growth, guts_growth = excluded.guts_growth, pol_growth = excluded.pol_growth, era = excluded.era, biography = excluded.biography, sort_order = excluded.sort_order, is_delete = excluded.is_delete;
INSERT INTO warriors (id, name, reading, rarity, cost, atk, int, guts, pol, atk_growth, int_growth, guts_growth, pol_growth, era, biography, sort_order, is_delete) VALUES (75, '花栄', 'カエイ', 4, 4, 66, 64, 51, 48, 1.42, 0.49, 0.8, 0.77, '北宋', '水滸伝の人物。弓の名手として描かれる。', 73, 0) ON CONFLICT(id) DO UPDATE SET name = excluded.name, reading = excluded.reading, rarity = excluded.rarity, cost = excluded.cost, atk = excluded.atk, int = excluded.int, guts = excluded.guts, pol = excluded.pol, atk_growth = excluded.atk_growth, int_growth = excluded.int_growth, guts_growth = excluded.guts_growth, pol_growth = excluded.pol_growth, era = excluded.era, biography = excluded.biography, sort_order = excluded.sort_order, is_delete = excluded.is_delete;
INSERT INTO warriors (id, name, reading, rarity, cost, atk, int, guts, pol, atk_growth, int_growth, guts_growth, pol_growth, era, biography, sort_order, is_delete) VALUES (76, '祖逖', 'ソコク', 4, 4, 71, 55, 57, 44, 1.51, 0.63, 1.04, 0.79, '東晋', '東晋の将軍。北伐を志し奮戦。', 74, 0) ON CONFLICT(id) DO UPDATE SET name = excluded.name, reading = excluded.reading, rarity = excluded.rarity, cost = excluded.cost, atk = excluded.atk, int = excluded.int, guts = excluded.guts, pol = excluded.pol, atk_growth = excluded.atk_growth, int_growth = excluded.int_growth, guts_growth = excluded.guts_growth, pol_growth = excluded.pol_growth, era = excluded.era, biography = excluded.biography, sort_order = excluded.sort_order, is_delete = excluded.is_delete;
INSERT INTO warriors (id, name, reading, rarity, cost, atk, int, guts, pol, atk_growth, int_growth, guts_growth, pol_growth, era, biography, sort_order, is_delete) VALUES (77, '范蠡', 'ハンレイ', 4, 4, 47, 67, 63, 84, 0.71, 1.65, 1.06, 2.59, '春秋時代', '春秋時代の越の名臣。勾践を助けた。', 75, 0) ON CONFLICT(id) DO UPDATE SET name = excluded.name, reading = excluded.reading, rarity = excluded.rarity, cost = excluded.cost, atk = excluded.atk, int = excluded.int, guts = excluded.guts, pol = excluded.pol, atk_growth = excluded.atk_growth, int_growth = excluded.int_growth, guts_growth = excluded.guts_growth, pol_growth = excluded.pol_growth, era = excluded.era, biography = excluded.biography, sort_order = excluded.sort_order, is_delete = excluded.is_delete;
INSERT INTO warriors (id, name, reading, rarity, cost, atk, int, guts, pol, atk_growth, int_growth, guts_growth, pol_growth, era, biography, sort_order, is_delete) VALUES (78, '龐涓', 'ホウケン', 4, 4, 60, 77, 62, 54, 0.57, 1.59, 0.65, 1.36, '春秋時代', '戦国時代の魏の将。孫臏に敗れる。', 76, 0) ON CONFLICT(id) DO UPDATE SET name = excluded.name, reading = excluded.reading, rarity = excluded.rarity, cost = excluded.cost, atk = excluded.atk, int = excluded.int, guts = excluded.guts, pol = excluded.pol, atk_growth = excluded.atk_growth, int_growth = excluded.int_growth, guts_growth = excluded.guts_growth, pol_growth = excluded.pol_growth, era = excluded.era, biography = excluded.biography, sort_order = excluded.sort_order, is_delete = excluded.is_delete;
INSERT INTO warriors (id, name, reading, rarity, cost, atk, int, guts, pol, atk_growth, int_growth, guts_growth, pol_growth, era, biography, sort_order, is_delete) VALUES (79, '曹劌', 'ソウカイ', 4, 3, 58, 73, 51, 54, 0.53, 1.35, 0.59, 1.3, '春秋時代', '春秋時代の魯の軍師。長勺の戦いで進言。', 77, 0) ON CONFLICT(id) DO UPDATE SET name = excluded.name, reading = excluded.reading, rarity = excluded.rarity, cost = excluded.cost, atk = excluded.atk, int = excluded.int, guts = excluded.guts, pol = excluded.pol, atk_growth = excluded.atk_growth, int_growth = excluded.int_growth, guts_growth = excluded.guts_growth, pol_growth = excluded.pol_growth, era = excluded.era, biography = excluded.biography, sort_order = excluded.sort_order, is_delete = excluded.is_delete;
INSERT INTO warriors (id, name, reading, rarity, cost, atk, int, guts, pol, atk_growth, int_growth, guts_growth, pol_growth, era, biography, sort_order, is_delete) VALUES (82, '魯智深', 'ロチシン', 3, 5, 70, 40, 65, 26, 1.02, 0.51, 1.45, 0.55, '北宋', '水滸伝の豪傑。義侠心に厚い僧兵。', 78, 0) ON CONFLICT(id) DO UPDATE SET name = excluded.name, reading = excluded.reading, rarity = excluded.rarity, cost = excluded.cost, atk = excluded.atk, int = excluded.int, guts = excluded.guts, pol = excluded.pol, atk_growth = excluded.atk_growth, int_growth = excluded.int_growth, guts_growth = excluded.guts_growth, pol_growth = excluded.pol_growth, era = excluded.era, biography = excluded.biography, sort_order = excluded.sort_order, is_delete = excluded.is_delete;
INSERT INTO warriors (id, name, reading, rarity, cost, atk, int, guts, pol, atk_growth, int_growth, guts_growth, pol_growth, era, biography, sort_order, is_delete) VALUES (83, '趙括', 'チョウカツ', 3, 5, 65, 75, 56, 38, 0.61, 1.45, 0.82, 0.95, '春秋時代', '戦国時代の趙将。長平の戦いで大敗。', 79, 0) ON CONFLICT(id) DO UPDATE SET name = excluded.name, reading = excluded.reading, rarity = excluded.rarity, cost = excluded.cost, atk = excluded.atk, int = excluded.int, guts = excluded.guts, pol = excluded.pol, atk_growth = excluded.atk_growth, int_growth = excluded.int_growth, guts_growth = excluded.guts_growth, pol_growth = excluded.pol_growth, era = excluded.era, biography = excluded.biography, sort_order = excluded.sort_order, is_delete = excluded.is_delete;
INSERT INTO warriors (id, name, reading, rarity, cost, atk, int, guts, pol, atk_growth, int_growth, guts_growth, pol_growth, era, biography, sort_order, is_delete) VALUES (84, '荊軻', 'ケイカ', 3, 5, 71, 54, 58, 30, 1.35, 0.53, 1.06, 0.45, '春秋時代', '戦国時代の刺客。秦王暗殺を試みた。', 80, 0) ON CONFLICT(id) DO UPDATE SET name = excluded.name, reading = excluded.reading, rarity = excluded.rarity, cost = excluded.cost, atk = excluded.atk, int = excluded.int, guts = excluded.guts, pol = excluded.pol, atk_growth = excluded.atk_growth, int_growth = excluded.int_growth, guts_growth = excluded.guts_growth, pol_growth = excluded.pol_growth, era = excluded.era, biography = excluded.biography, sort_order = excluded.sort_order, is_delete = excluded.is_delete;
INSERT INTO warriors (id, name, reading, rarity, cost, atk, int, guts, pol, atk_growth, int_growth, guts_growth, pol_growth, era, biography, sort_order, is_delete) VALUES (85, '潘鳳', 'ハンフウ', 3, 4, 65, 46, 50, 29, 1.63, 0.55, 0.88, 0.38, '三国時代', '三国志演義の創作武将。華雄に討たれる。', 81, 0) ON CONFLICT(id) DO UPDATE SET name = excluded.name, reading = excluded.reading, rarity = excluded.rarity, cost = excluded.cost, atk = excluded.atk, int = excluded.int, guts = excluded.guts, pol = excluded.pol, atk_growth = excluded.atk_growth, int_growth = excluded.int_growth, guts_growth = excluded.guts_growth, pol_growth = excluded.pol_growth, era = excluded.era, biography = excluded.biography, sort_order = excluded.sort_order, is_delete = excluded.is_delete;
INSERT INTO warriors (id, name, reading, rarity, cost, atk, int, guts, pol, atk_growth, int_growth, guts_growth, pol_growth, era, biography, sort_order, is_delete) VALUES (86, '陳勝', 'チンショウ', 3, 4, 68, 61, 41, 33, 1.27, 0.65, 0.84, 0.51, '秦末', '秦末の反乱指導者。陳勝呉広の乱を起こす。', 82, 0) ON CONFLICT(id) DO UPDATE SET name = excluded.name, reading = excluded.reading, rarity = excluded.rarity, cost = excluded.cost, atk = excluded.atk, int = excluded.int, guts = excluded.guts, pol = excluded.pol, atk_growth = excluded.atk_growth, int_growth = excluded.int_growth, guts_growth = excluded.guts_growth, pol_growth = excluded.pol_growth, era = excluded.era, biography = excluded.biography, sort_order = excluded.sort_order, is_delete = excluded.is_delete;
INSERT INTO warriors (id, name, reading, rarity, cost, atk, int, guts, pol, atk_growth, int_growth, guts_growth, pol_growth, era, biography, sort_order, is_delete) VALUES (87, '劉弾', 'リュウダン', 3, 4, 59, 65, 61, 37, 0.53, 0.9, 1.2, 0.81, '南朝宋', '南朝宋の皇族。内紛で殺害された。', 83, 0) ON CONFLICT(id) DO UPDATE SET name = excluded.name, reading = excluded.reading, rarity = excluded.rarity, cost = excluded.cost, atk = excluded.atk, int = excluded.int, guts = excluded.guts, pol = excluded.pol, atk_growth = excluded.atk_growth, int_growth = excluded.int_growth, guts_growth = excluded.guts_growth, pol_growth = excluded.pol_growth, era = excluded.era, biography = excluded.biography, sort_order = excluded.sort_order, is_delete = excluded.is_delete;
INSERT INTO warriors (id, name, reading, rarity, cost, atk, int, guts, pol, atk_growth, int_growth, guts_growth, pol_growth, era, biography, sort_order, is_delete) VALUES (88, '謝道蘊', 'シャドウウン', 3, 3, 51, 70, 40, 41, 0.33, 1.33, 0.92, 1.0, '東晋', '東晋の才女。詩文で名高い女性文化人。', 84, 0) ON CONFLICT(id) DO UPDATE SET name = excluded.name, reading = excluded.reading, rarity = excluded.rarity, cost = excluded.cost, atk = excluded.atk, int = excluded.int, guts = excluded.guts, pol = excluded.pol, atk_growth = excluded.atk_growth, int_growth = excluded.int_growth, guts_growth = excluded.guts_growth, pol_growth = excluded.pol_growth, era = excluded.era, biography = excluded.biography, sort_order = excluded.sort_order, is_delete = excluded.is_delete;

INSERT INTO weapon_aptitudes (warrior_id, weapon_type, aptitude) VALUES (1, '刀', '良');
INSERT INTO weapon_aptitudes (warrior_id, weapon_type, aptitude) VALUES (1, '弓', '極');
INSERT INTO weapon_aptitudes (warrior_id, weapon_type, aptitude) VALUES (1, '槍', '極');
INSERT INTO weapon_aptitudes (warrior_id, weapon_type, aptitude) VALUES (1, '馬', '極');
INSERT INTO weapon_aptitudes (warrior_id, weapon_type, aptitude) VALUES (2, '刀', '極');
INSERT INTO weapon_aptitudes (warrior_id, weapon_type, aptitude) VALUES (2, '弓', '凡');
INSERT INTO weapon_aptitudes (warrior_id, weapon_type, aptitude) VALUES (2, '槍', '良');
INSERT INTO weapon_aptitudes (warrior_id, weapon_type, aptitude) VALUES (2, '馬', '優');
INSERT INTO weapon_aptitudes (warrior_id, weapon_type, aptitude) VALUES (3, '刀', '良');
INSERT INTO weapon_aptitudes (warrior_id, weapon_type, aptitude) VALUES (3, '弓', '良');
INSERT INTO weapon_aptitudes (warrior_id, weapon_type, aptitude) VALUES (3, '槍', '極');
INSERT INTO weapon_aptitudes (warrior_id, weapon_type, aptitude) VALUES (3, '馬', '極');
INSERT INTO weapon_aptitudes (warrior_id, weapon_type, aptitude) VALUES (4, '刀', '良');
INSERT INTO weapon_aptitudes (warrior_id, weapon_type, aptitude) VALUES (4, '弓', '優');
INSERT INTO weapon_aptitudes (warrior_id, weapon_type, aptitude) VALUES (4, '槍', '極');
INSERT INTO weapon_aptitudes (warrior_id, weapon_type, aptitude) VALUES (4, '馬', '優');
INSERT INTO weapon_aptitudes (warrior_id, weapon_type, aptitude) VALUES (5, '刀', '優');
INSERT INTO weapon_aptitudes (warrior_id, weapon_type, aptitude) VALUES (5, '弓', '良');
INSERT INTO weapon_aptitudes (warrior_id, weapon_type, aptitude) VALUES (5, '槍', '良');
INSERT INTO weapon_aptitudes (warrior_id, weapon_type, aptitude) VALUES (5, '馬', '極');
INSERT INTO weapon_aptitudes (warrior_id, weapon_type, aptitude) VALUES (6, '刀', '良');
INSERT INTO weapon_aptitudes (warrior_id, weapon_type, aptitude) VALUES (6, '弓', '極');
INSERT INTO weapon_aptitudes (warrior_id, weapon_type, aptitude) VALUES (6, '槍', '良');
INSERT INTO weapon_aptitudes (warrior_id, weapon_type, aptitude) VALUES (6, '馬', '凡');
INSERT INTO weapon_aptitudes (warrior_id, weapon_type, aptitude) VALUES (7, '刀', '極');
INSERT INTO weapon_aptitudes (warrior_id, weapon_type, aptitude) VALUES (7, '弓', '優');
INSERT INTO weapon_aptitudes (warrior_id, weapon_type, aptitude) VALUES (7, '槍', '極');
INSERT INTO weapon_aptitudes (warrior_id, weapon_type, aptitude) VALUES (7, '馬', '優');
INSERT INTO weapon_aptitudes (warrior_id, weapon_type, aptitude) VALUES (8, '刀', '優');
INSERT INTO weapon_aptitudes (warrior_id, weapon_type, aptitude) VALUES (8, '弓', '良');
INSERT INTO weapon_aptitudes (warrior_id, weapon_type, aptitude) VALUES (8, '槍', '極');
INSERT INTO weapon_aptitudes (warrior_id, weapon_type, aptitude) VALUES (8, '馬', '極');
INSERT INTO weapon_aptitudes (warrior_id, weapon_type, aptitude) VALUES (9, '刀', '極');
INSERT INTO weapon_aptitudes (warrior_id, weapon_type, aptitude) VALUES (9, '弓', '下');
INSERT INTO weapon_aptitudes (warrior_id, weapon_type, aptitude) VALUES (9, '槍', '優');
INSERT INTO weapon_aptitudes (warrior_id, weapon_type, aptitude) VALUES (9, '馬', '良');
INSERT INTO weapon_aptitudes (warrior_id, weapon_type, aptitude) VALUES (10, '刀', '極');
INSERT INTO weapon_aptitudes (warrior_id, weapon_type, aptitude) VALUES (10, '弓', '凡');
INSERT INTO weapon_aptitudes (warrior_id, weapon_type, aptitude) VALUES (10, '槍', '優');
INSERT INTO weapon_aptitudes (warrior_id, weapon_type, aptitude) VALUES (10, '馬', '良');
INSERT INTO weapon_aptitudes (warrior_id, weapon_type, aptitude) VALUES (11, '刀', '極');
INSERT INTO weapon_aptitudes (warrior_id, weapon_type, aptitude) VALUES (11, '弓', '良');
INSERT INTO weapon_aptitudes (warrior_id, weapon_type, aptitude) VALUES (11, '槍', '優');
INSERT INTO weapon_aptitudes (warrior_id, weapon_type, aptitude) VALUES (11, '馬', '良');
INSERT INTO weapon_aptitudes (warrior_id, weapon_type, aptitude) VALUES (12, '刀', '極');
INSERT INTO weapon_aptitudes (warrior_id, weapon_type, aptitude) VALUES (12, '弓', '凡');
INSERT INTO weapon_aptitudes (warrior_id, weapon_type, aptitude) VALUES (12, '槍', '優');
INSERT INTO weapon_aptitudes (warrior_id, weapon_type, aptitude) VALUES (12, '馬', '良');
INSERT INTO weapon_aptitudes (warrior_id, weapon_type, aptitude) VALUES (13, '刀', '極');
INSERT INTO weapon_aptitudes (warrior_id, weapon_type, aptitude) VALUES (13, '弓', '凡');
INSERT INTO weapon_aptitudes (warrior_id, weapon_type, aptitude) VALUES (13, '槍', '優');
INSERT INTO weapon_aptitudes (warrior_id, weapon_type, aptitude) VALUES (13, '馬', '良');
INSERT INTO weapon_aptitudes (warrior_id, weapon_type, aptitude) VALUES (14, '刀', '優');
INSERT INTO weapon_aptitudes (warrior_id, weapon_type, aptitude) VALUES (14, '弓', '凡');
INSERT INTO weapon_aptitudes (warrior_id, weapon_type, aptitude) VALUES (14, '槍', '良');
INSERT INTO weapon_aptitudes (warrior_id, weapon_type, aptitude) VALUES (14, '馬', '優');
INSERT INTO weapon_aptitudes (warrior_id, weapon_type, aptitude) VALUES (15, '刀', '優');
INSERT INTO weapon_aptitudes (warrior_id, weapon_type, aptitude) VALUES (15, '弓', '良');
INSERT INTO weapon_aptitudes (warrior_id, weapon_type, aptitude) VALUES (15, '槍', '極');
INSERT INTO weapon_aptitudes (warrior_id, weapon_type, aptitude) VALUES (15, '馬', '良');
INSERT INTO weapon_aptitudes (warrior_id, weapon_type, aptitude) VALUES (16, '刀', '極');
INSERT INTO weapon_aptitudes (warrior_id, weapon_type, aptitude) VALUES (16, '弓', '良');
INSERT INTO weapon_aptitudes (warrior_id, weapon_type, aptitude) VALUES (16, '槍', '優');
INSERT INTO weapon_aptitudes (warrior_id, weapon_type, aptitude) VALUES (16, '馬', '凡');
INSERT INTO weapon_aptitudes (warrior_id, weapon_type, aptitude) VALUES (17, '刀', '優');
INSERT INTO weapon_aptitudes (warrior_id, weapon_type, aptitude) VALUES (17, '弓', '良');
INSERT INTO weapon_aptitudes (warrior_id, weapon_type, aptitude) VALUES (17, '槍', '凡');
INSERT INTO weapon_aptitudes (warrior_id, weapon_type, aptitude) VALUES (17, '馬', '極');
INSERT INTO weapon_aptitudes (warrior_id, weapon_type, aptitude) VALUES (18, '刀', '極');
INSERT INTO weapon_aptitudes (warrior_id, weapon_type, aptitude) VALUES (18, '弓', '良');
INSERT INTO weapon_aptitudes (warrior_id, weapon_type, aptitude) VALUES (18, '槍', '優');
INSERT INTO weapon_aptitudes (warrior_id, weapon_type, aptitude) VALUES (18, '馬', '凡');
INSERT INTO weapon_aptitudes (warrior_id, weapon_type, aptitude) VALUES (19, '刀', '凡');
INSERT INTO weapon_aptitudes (warrior_id, weapon_type, aptitude) VALUES (19, '弓', '良');
INSERT INTO weapon_aptitudes (warrior_id, weapon_type, aptitude) VALUES (19, '槍', '極');
INSERT INTO weapon_aptitudes (warrior_id, weapon_type, aptitude) VALUES (19, '馬', '優');
INSERT INTO weapon_aptitudes (warrior_id, weapon_type, aptitude) VALUES (20, '刀', '良');
INSERT INTO weapon_aptitudes (warrior_id, weapon_type, aptitude) VALUES (20, '弓', '良');
INSERT INTO weapon_aptitudes (warrior_id, weapon_type, aptitude) VALUES (20, '槍', '優');
INSERT INTO weapon_aptitudes (warrior_id, weapon_type, aptitude) VALUES (20, '馬', '極');
INSERT INTO weapon_aptitudes (warrior_id, weapon_type, aptitude) VALUES (21, '刀', '優');
INSERT INTO weapon_aptitudes (warrior_id, weapon_type, aptitude) VALUES (21, '弓', '下');
INSERT INTO weapon_aptitudes (warrior_id, weapon_type, aptitude) VALUES (21, '槍', '良');
INSERT INTO weapon_aptitudes (warrior_id, weapon_type, aptitude) VALUES (21, '馬', '極');
INSERT INTO weapon_aptitudes (warrior_id, weapon_type, aptitude) VALUES (22, '刀', '良');
INSERT INTO weapon_aptitudes (warrior_id, weapon_type, aptitude) VALUES (22, '弓', '極');
INSERT INTO weapon_aptitudes (warrior_id, weapon_type, aptitude) VALUES (22, '槍', '凡');
INSERT INTO weapon_aptitudes (warrior_id, weapon_type, aptitude) VALUES (22, '馬', '優');
INSERT INTO weapon_aptitudes (warrior_id, weapon_type, aptitude) VALUES (23, '刀', '極');
INSERT INTO weapon_aptitudes (warrior_id, weapon_type, aptitude) VALUES (23, '弓', '凡');
INSERT INTO weapon_aptitudes (warrior_id, weapon_type, aptitude) VALUES (23, '槍', '優');
INSERT INTO weapon_aptitudes (warrior_id, weapon_type, aptitude) VALUES (23, '馬', '良');
INSERT INTO weapon_aptitudes (warrior_id, weapon_type, aptitude) VALUES (24, '刀', '優');
INSERT INTO weapon_aptitudes (warrior_id, weapon_type, aptitude) VALUES (24, '弓', '下');
INSERT INTO weapon_aptitudes (warrior_id, weapon_type, aptitude) VALUES (24, '槍', '極');
INSERT INTO weapon_aptitudes (warrior_id, weapon_type, aptitude) VALUES (24, '馬', '凡');
INSERT INTO weapon_aptitudes (warrior_id, weapon_type, aptitude) VALUES (25, '刀', '凡');
INSERT INTO weapon_aptitudes (warrior_id, weapon_type, aptitude) VALUES (25, '弓', '極');
INSERT INTO weapon_aptitudes (warrior_id, weapon_type, aptitude) VALUES (25, '槍', '良');
INSERT INTO weapon_aptitudes (warrior_id, weapon_type, aptitude) VALUES (25, '馬', '優');
INSERT INTO weapon_aptitudes (warrior_id, weapon_type, aptitude) VALUES (26, '刀', '優');
INSERT INTO weapon_aptitudes (warrior_id, weapon_type, aptitude) VALUES (26, '弓', '良');
INSERT INTO weapon_aptitudes (warrior_id, weapon_type, aptitude) VALUES (26, '槍', '良');
INSERT INTO weapon_aptitudes (warrior_id, weapon_type, aptitude) VALUES (26, '馬', '極');
INSERT INTO weapon_aptitudes (warrior_id, weapon_type, aptitude) VALUES (27, '刀', '優');
INSERT INTO weapon_aptitudes (warrior_id, weapon_type, aptitude) VALUES (27, '弓', '凡');
INSERT INTO weapon_aptitudes (warrior_id, weapon_type, aptitude) VALUES (27, '槍', '良');
INSERT INTO weapon_aptitudes (warrior_id, weapon_type, aptitude) VALUES (27, '馬', '極');
INSERT INTO weapon_aptitudes (warrior_id, weapon_type, aptitude) VALUES (28, '刀', '優');
INSERT INTO weapon_aptitudes (warrior_id, weapon_type, aptitude) VALUES (28, '弓', '良');
INSERT INTO weapon_aptitudes (warrior_id, weapon_type, aptitude) VALUES (28, '槍', '良');
INSERT INTO weapon_aptitudes (warrior_id, weapon_type, aptitude) VALUES (28, '馬', '極');
INSERT INTO weapon_aptitudes (warrior_id, weapon_type, aptitude) VALUES (29, '刀', '優');
INSERT INTO weapon_aptitudes (warrior_id, weapon_type, aptitude) VALUES (29, '弓', '良');
INSERT INTO weapon_aptitudes (warrior_id, weapon_type, aptitude) VALUES (29, '槍', '極');
INSERT INTO weapon_aptitudes (warrior_id, weapon_type, aptitude) VALUES (29, '馬', '凡');
INSERT INTO weapon_aptitudes (warrior_id, weapon_type, aptitude) VALUES (30, '刀', '凡');
INSERT INTO weapon_aptitudes (warrior_id, weapon_type, aptitude) VALUES (30, '弓', '良');
INSERT INTO weapon_aptitudes (warrior_id, weapon_type, aptitude) VALUES (30, '槍', '極');
INSERT INTO weapon_aptitudes (warrior_id, weapon_type, aptitude) VALUES (30, '馬', '優');
INSERT INTO weapon_aptitudes (warrior_id, weapon_type, aptitude) VALUES (31, '刀', '極');
INSERT INTO weapon_aptitudes (warrior_id, weapon_type, aptitude) VALUES (31, '弓', '凡');
INSERT INTO weapon_aptitudes (warrior_id, weapon_type, aptitude) VALUES (31, '槍', '優');
INSERT INTO weapon_aptitudes (warrior_id, weapon_type, aptitude) VALUES (31, '馬', '優');
INSERT INTO weapon_aptitudes (warrior_id, weapon_type, aptitude) VALUES (32, '刀', '優');
INSERT INTO weapon_aptitudes (warrior_id, weapon_type, aptitude) VALUES (32, '弓', '良');
INSERT INTO weapon_aptitudes (warrior_id, weapon_type, aptitude) VALUES (32, '槍', '優');
INSERT INTO weapon_aptitudes (warrior_id, weapon_type, aptitude) VALUES (32, '馬', '優');
INSERT INTO weapon_aptitudes (warrior_id, weapon_type, aptitude) VALUES (33, '刀', '良');
INSERT INTO weapon_aptitudes (warrior_id, weapon_type, aptitude) VALUES (33, '弓', '極');
INSERT INTO weapon_aptitudes (warrior_id, weapon_type, aptitude) VALUES (33, '槍', '凡');
INSERT INTO weapon_aptitudes (warrior_id, weapon_type, aptitude) VALUES (33, '馬', '優');
INSERT INTO weapon_aptitudes (warrior_id, weapon_type, aptitude) VALUES (34, '刀', '優');
INSERT INTO weapon_aptitudes (warrior_id, weapon_type, aptitude) VALUES (34, '弓', '凡');
INSERT INTO weapon_aptitudes (warrior_id, weapon_type, aptitude) VALUES (34, '槍', '優');
INSERT INTO weapon_aptitudes (warrior_id, weapon_type, aptitude) VALUES (34, '馬', '良');
INSERT INTO weapon_aptitudes (warrior_id, weapon_type, aptitude) VALUES (35, '刀', '良');
INSERT INTO weapon_aptitudes (warrior_id, weapon_type, aptitude) VALUES (35, '弓', '凡');
INSERT INTO weapon_aptitudes (warrior_id, weapon_type, aptitude) VALUES (35, '槍', '良');
INSERT INTO weapon_aptitudes (warrior_id, weapon_type, aptitude) VALUES (35, '馬', '極');
INSERT INTO weapon_aptitudes (warrior_id, weapon_type, aptitude) VALUES (36, '刀', '凡');
INSERT INTO weapon_aptitudes (warrior_id, weapon_type, aptitude) VALUES (36, '弓', '極');
INSERT INTO weapon_aptitudes (warrior_id, weapon_type, aptitude) VALUES (36, '槍', '優');
INSERT INTO weapon_aptitudes (warrior_id, weapon_type, aptitude) VALUES (36, '馬', '凡');
INSERT INTO weapon_aptitudes (warrior_id, weapon_type, aptitude) VALUES (37, '刀', '優');
INSERT INTO weapon_aptitudes (warrior_id, weapon_type, aptitude) VALUES (37, '弓', '凡');
INSERT INTO weapon_aptitudes (warrior_id, weapon_type, aptitude) VALUES (37, '槍', '良');
INSERT INTO weapon_aptitudes (warrior_id, weapon_type, aptitude) VALUES (37, '馬', '優');
INSERT INTO weapon_aptitudes (warrior_id, weapon_type, aptitude) VALUES (38, '刀', '良');
INSERT INTO weapon_aptitudes (warrior_id, weapon_type, aptitude) VALUES (38, '弓', '極');
INSERT INTO weapon_aptitudes (warrior_id, weapon_type, aptitude) VALUES (38, '槍', '優');
INSERT INTO weapon_aptitudes (warrior_id, weapon_type, aptitude) VALUES (38, '馬', '優');
INSERT INTO weapon_aptitudes (warrior_id, weapon_type, aptitude) VALUES (39, '刀', '極');
INSERT INTO weapon_aptitudes (warrior_id, weapon_type, aptitude) VALUES (39, '弓', '凡');
INSERT INTO weapon_aptitudes (warrior_id, weapon_type, aptitude) VALUES (39, '槍', '良');
INSERT INTO weapon_aptitudes (warrior_id, weapon_type, aptitude) VALUES (39, '馬', '良');
INSERT INTO weapon_aptitudes (warrior_id, weapon_type, aptitude) VALUES (40, '刀', '良');
INSERT INTO weapon_aptitudes (warrior_id, weapon_type, aptitude) VALUES (40, '弓', '極');
INSERT INTO weapon_aptitudes (warrior_id, weapon_type, aptitude) VALUES (40, '槍', '良');
INSERT INTO weapon_aptitudes (warrior_id, weapon_type, aptitude) VALUES (40, '馬', '凡');
INSERT INTO weapon_aptitudes (warrior_id, weapon_type, aptitude) VALUES (41, '刀', '良');
INSERT INTO weapon_aptitudes (warrior_id, weapon_type, aptitude) VALUES (41, '弓', '下');
INSERT INTO weapon_aptitudes (warrior_id, weapon_type, aptitude) VALUES (41, '槍', '優');
INSERT INTO weapon_aptitudes (warrior_id, weapon_type, aptitude) VALUES (41, '馬', '極');
INSERT INTO weapon_aptitudes (warrior_id, weapon_type, aptitude) VALUES (42, '刀', '良');
INSERT INTO weapon_aptitudes (warrior_id, weapon_type, aptitude) VALUES (42, '弓', '下');
INSERT INTO weapon_aptitudes (warrior_id, weapon_type, aptitude) VALUES (42, '槍', '極');
INSERT INTO weapon_aptitudes (warrior_id, weapon_type, aptitude) VALUES (42, '馬', '優');
INSERT INTO weapon_aptitudes (warrior_id, weapon_type, aptitude) VALUES (43, '刀', '優');
INSERT INTO weapon_aptitudes (warrior_id, weapon_type, aptitude) VALUES (43, '弓', '凡');
INSERT INTO weapon_aptitudes (warrior_id, weapon_type, aptitude) VALUES (43, '槍', '極');
INSERT INTO weapon_aptitudes (warrior_id, weapon_type, aptitude) VALUES (43, '馬', '凡');
INSERT INTO weapon_aptitudes (warrior_id, weapon_type, aptitude) VALUES (44, '刀', '良');
INSERT INTO weapon_aptitudes (warrior_id, weapon_type, aptitude) VALUES (44, '弓', '下');
INSERT INTO weapon_aptitudes (warrior_id, weapon_type, aptitude) VALUES (44, '槍', '凡');
INSERT INTO weapon_aptitudes (warrior_id, weapon_type, aptitude) VALUES (44, '馬', '極');
INSERT INTO weapon_aptitudes (warrior_id, weapon_type, aptitude) VALUES (45, '刀', '極');
INSERT INTO weapon_aptitudes (warrior_id, weapon_type, aptitude) VALUES (45, '弓', '凡');
INSERT INTO weapon_aptitudes (warrior_id, weapon_type, aptitude) VALUES (45, '槍', '優');
INSERT INTO weapon_aptitudes (warrior_id, weapon_type, aptitude) VALUES (45, '馬', '凡');
INSERT INTO weapon_aptitudes (warrior_id, weapon_type, aptitude) VALUES (46, '刀', '凡');
INSERT INTO weapon_aptitudes (warrior_id, weapon_type, aptitude) VALUES (46, '弓', '良');
INSERT INTO weapon_aptitudes (warrior_id, weapon_type, aptitude) VALUES (46, '槍', '極');
INSERT INTO weapon_aptitudes (warrior_id, weapon_type, aptitude) VALUES (46, '馬', '優');
INSERT INTO weapon_aptitudes (warrior_id, weapon_type, aptitude) VALUES (47, '刀', '凡');
INSERT INTO weapon_aptitudes (warrior_id, weapon_type, aptitude) VALUES (47, '弓', '極');
INSERT INTO weapon_aptitudes (warrior_id, weapon_type, aptitude) VALUES (47, '槍', '良');
INSERT INTO weapon_aptitudes (warrior_id, weapon_type, aptitude) VALUES (47, '馬', '優');
INSERT INTO weapon_aptitudes (warrior_id, weapon_type, aptitude) VALUES (48, '刀', '優');
INSERT INTO weapon_aptitudes (warrior_id, weapon_type, aptitude) VALUES (48, '弓', '下');
INSERT INTO weapon_aptitudes (warrior_id, weapon_type, aptitude) VALUES (48, '槍', '優');
INSERT INTO weapon_aptitudes (warrior_id, weapon_type, aptitude) VALUES (48, '馬', '凡');
INSERT INTO weapon_aptitudes (warrior_id, weapon_type, aptitude) VALUES (49, '刀', '優');
INSERT INTO weapon_aptitudes (warrior_id, weapon_type, aptitude) VALUES (49, '弓', '下');
INSERT INTO weapon_aptitudes (warrior_id, weapon_type, aptitude) VALUES (49, '槍', '優');
INSERT INTO weapon_aptitudes (warrior_id, weapon_type, aptitude) VALUES (49, '馬', '凡');
INSERT INTO weapon_aptitudes (warrior_id, weapon_type, aptitude) VALUES (50, '刀', '凡');
INSERT INTO weapon_aptitudes (warrior_id, weapon_type, aptitude) VALUES (50, '弓', '優');
INSERT INTO weapon_aptitudes (warrior_id, weapon_type, aptitude) VALUES (50, '槍', '優');
INSERT INTO weapon_aptitudes (warrior_id, weapon_type, aptitude) VALUES (50, '馬', '極');
INSERT INTO weapon_aptitudes (warrior_id, weapon_type, aptitude) VALUES (51, '刀', '優');
INSERT INTO weapon_aptitudes (warrior_id, weapon_type, aptitude) VALUES (51, '弓', '良');
INSERT INTO weapon_aptitudes (warrior_id, weapon_type, aptitude) VALUES (51, '槍', '優');
INSERT INTO weapon_aptitudes (warrior_id, weapon_type, aptitude) VALUES (51, '馬', '優');
INSERT INTO weapon_aptitudes (warrior_id, weapon_type, aptitude) VALUES (52, '刀', '極');
INSERT INTO weapon_aptitudes (warrior_id, weapon_type, aptitude) VALUES (52, '弓', '凡');
INSERT INTO weapon_aptitudes (warrior_id, weapon_type, aptitude) VALUES (52, '槍', '優');
INSERT INTO weapon_aptitudes (warrior_id, weapon_type, aptitude) VALUES (52, '馬', '凡');
INSERT INTO weapon_aptitudes (warrior_id, weapon_type, aptitude) VALUES (53, '刀', '凡');
INSERT INTO weapon_aptitudes (warrior_id, weapon_type, aptitude) VALUES (53, '弓', '優');
INSERT INTO weapon_aptitudes (warrior_id, weapon_type, aptitude) VALUES (53, '槍', '優');
INSERT INTO weapon_aptitudes (warrior_id, weapon_type, aptitude) VALUES (53, '馬', '優');
INSERT INTO weapon_aptitudes (warrior_id, weapon_type, aptitude) VALUES (56, '刀', '優');
INSERT INTO weapon_aptitudes (warrior_id, weapon_type, aptitude) VALUES (56, '弓', '凡');
INSERT INTO weapon_aptitudes (warrior_id, weapon_type, aptitude) VALUES (56, '槍', '極');
INSERT INTO weapon_aptitudes (warrior_id, weapon_type, aptitude) VALUES (56, '馬', '良');
INSERT INTO weapon_aptitudes (warrior_id, weapon_type, aptitude) VALUES (57, '刀', '極');
INSERT INTO weapon_aptitudes (warrior_id, weapon_type, aptitude) VALUES (57, '弓', '良');
INSERT INTO weapon_aptitudes (warrior_id, weapon_type, aptitude) VALUES (57, '槍', '凡');
INSERT INTO weapon_aptitudes (warrior_id, weapon_type, aptitude) VALUES (57, '馬', '優');
INSERT INTO weapon_aptitudes (warrior_id, weapon_type, aptitude) VALUES (58, '刀', '下');
INSERT INTO weapon_aptitudes (warrior_id, weapon_type, aptitude) VALUES (58, '弓', '極');
INSERT INTO weapon_aptitudes (warrior_id, weapon_type, aptitude) VALUES (58, '槍', '凡');
INSERT INTO weapon_aptitudes (warrior_id, weapon_type, aptitude) VALUES (58, '馬', '優');
INSERT INTO weapon_aptitudes (warrior_id, weapon_type, aptitude) VALUES (59, '刀', '良');
INSERT INTO weapon_aptitudes (warrior_id, weapon_type, aptitude) VALUES (59, '弓', '凡');
INSERT INTO weapon_aptitudes (warrior_id, weapon_type, aptitude) VALUES (59, '槍', '優');
INSERT INTO weapon_aptitudes (warrior_id, weapon_type, aptitude) VALUES (59, '馬', '凡');
INSERT INTO weapon_aptitudes (warrior_id, weapon_type, aptitude) VALUES (60, '刀', '凡');
INSERT INTO weapon_aptitudes (warrior_id, weapon_type, aptitude) VALUES (60, '弓', '凡');
INSERT INTO weapon_aptitudes (warrior_id, weapon_type, aptitude) VALUES (60, '槍', '優');
INSERT INTO weapon_aptitudes (warrior_id, weapon_type, aptitude) VALUES (60, '馬', '極');
INSERT INTO weapon_aptitudes (warrior_id, weapon_type, aptitude) VALUES (61, '刀', '優');
INSERT INTO weapon_aptitudes (warrior_id, weapon_type, aptitude) VALUES (61, '弓', '凡');
INSERT INTO weapon_aptitudes (warrior_id, weapon_type, aptitude) VALUES (61, '槍', '良');
INSERT INTO weapon_aptitudes (warrior_id, weapon_type, aptitude) VALUES (61, '馬', '極');
INSERT INTO weapon_aptitudes (warrior_id, weapon_type, aptitude) VALUES (62, '刀', '優');
INSERT INTO weapon_aptitudes (warrior_id, weapon_type, aptitude) VALUES (62, '弓', '凡');
INSERT INTO weapon_aptitudes (warrior_id, weapon_type, aptitude) VALUES (62, '槍', '良');
INSERT INTO weapon_aptitudes (warrior_id, weapon_type, aptitude) VALUES (62, '馬', '優');
INSERT INTO weapon_aptitudes (warrior_id, weapon_type, aptitude) VALUES (63, '刀', '下');
INSERT INTO weapon_aptitudes (warrior_id, weapon_type, aptitude) VALUES (63, '弓', '優');
INSERT INTO weapon_aptitudes (warrior_id, weapon_type, aptitude) VALUES (63, '槍', '良');
INSERT INTO weapon_aptitudes (warrior_id, weapon_type, aptitude) VALUES (63, '馬', '極');
INSERT INTO weapon_aptitudes (warrior_id, weapon_type, aptitude) VALUES (64, '刀', '凡');
INSERT INTO weapon_aptitudes (warrior_id, weapon_type, aptitude) VALUES (64, '弓', '優');
INSERT INTO weapon_aptitudes (warrior_id, weapon_type, aptitude) VALUES (64, '槍', '凡');
INSERT INTO weapon_aptitudes (warrior_id, weapon_type, aptitude) VALUES (64, '馬', '良');
INSERT INTO weapon_aptitudes (warrior_id, weapon_type, aptitude) VALUES (65, '刀', '極');
INSERT INTO weapon_aptitudes (warrior_id, weapon_type, aptitude) VALUES (65, '弓', '良');
INSERT INTO weapon_aptitudes (warrior_id, weapon_type, aptitude) VALUES (65, '槍', '凡');
INSERT INTO weapon_aptitudes (warrior_id, weapon_type, aptitude) VALUES (65, '馬', '優');
INSERT INTO weapon_aptitudes (warrior_id, weapon_type, aptitude) VALUES (66, '刀', '優');
INSERT INTO weapon_aptitudes (warrior_id, weapon_type, aptitude) VALUES (66, '弓', '凡');
INSERT INTO weapon_aptitudes (warrior_id, weapon_type, aptitude) VALUES (66, '槍', '良');
INSERT INTO weapon_aptitudes (warrior_id, weapon_type, aptitude) VALUES (66, '馬', '優');
INSERT INTO weapon_aptitudes (warrior_id, weapon_type, aptitude) VALUES (67, '刀', '極');
INSERT INTO weapon_aptitudes (warrior_id, weapon_type, aptitude) VALUES (67, '弓', '凡');
INSERT INTO weapon_aptitudes (warrior_id, weapon_type, aptitude) VALUES (67, '槍', '良');
INSERT INTO weapon_aptitudes (warrior_id, weapon_type, aptitude) VALUES (67, '馬', '優');
INSERT INTO weapon_aptitudes (warrior_id, weapon_type, aptitude) VALUES (68, '刀', '優');
INSERT INTO weapon_aptitudes (warrior_id, weapon_type, aptitude) VALUES (68, '弓', '良');
INSERT INTO weapon_aptitudes (warrior_id, weapon_type, aptitude) VALUES (68, '槍', '優');
INSERT INTO weapon_aptitudes (warrior_id, weapon_type, aptitude) VALUES (68, '馬', '優');
INSERT INTO weapon_aptitudes (warrior_id, weapon_type, aptitude) VALUES (69, '刀', '優');
INSERT INTO weapon_aptitudes (warrior_id, weapon_type, aptitude) VALUES (69, '弓', '凡');
INSERT INTO weapon_aptitudes (warrior_id, weapon_type, aptitude) VALUES (69, '槍', '良');
INSERT INTO weapon_aptitudes (warrior_id, weapon_type, aptitude) VALUES (69, '馬', '優');
INSERT INTO weapon_aptitudes (warrior_id, weapon_type, aptitude) VALUES (70, '刀', '優');
INSERT INTO weapon_aptitudes (warrior_id, weapon_type, aptitude) VALUES (70, '弓', '下');
INSERT INTO weapon_aptitudes (warrior_id, weapon_type, aptitude) VALUES (70, '槍', '優');
INSERT INTO weapon_aptitudes (warrior_id, weapon_type, aptitude) VALUES (70, '馬', '良');
INSERT INTO weapon_aptitudes (warrior_id, weapon_type, aptitude) VALUES (71, '刀', '優');
INSERT INTO weapon_aptitudes (warrior_id, weapon_type, aptitude) VALUES (71, '弓', '下');
INSERT INTO weapon_aptitudes (warrior_id, weapon_type, aptitude) VALUES (71, '槍', '良');
INSERT INTO weapon_aptitudes (warrior_id, weapon_type, aptitude) VALUES (71, '馬', '極');
INSERT INTO weapon_aptitudes (warrior_id, weapon_type, aptitude) VALUES (72, '刀', '良');
INSERT INTO weapon_aptitudes (warrior_id, weapon_type, aptitude) VALUES (72, '弓', '凡');
INSERT INTO weapon_aptitudes (warrior_id, weapon_type, aptitude) VALUES (72, '槍', '優');
INSERT INTO weapon_aptitudes (warrior_id, weapon_type, aptitude) VALUES (72, '馬', '良');
INSERT INTO weapon_aptitudes (warrior_id, weapon_type, aptitude) VALUES (73, '刀', '極');
INSERT INTO weapon_aptitudes (warrior_id, weapon_type, aptitude) VALUES (73, '弓', '凡');
INSERT INTO weapon_aptitudes (warrior_id, weapon_type, aptitude) VALUES (73, '槍', '良');
INSERT INTO weapon_aptitudes (warrior_id, weapon_type, aptitude) VALUES (73, '馬', '良');
INSERT INTO weapon_aptitudes (warrior_id, weapon_type, aptitude) VALUES (74, '刀', '凡');
INSERT INTO weapon_aptitudes (warrior_id, weapon_type, aptitude) VALUES (74, '弓', '極');
INSERT INTO weapon_aptitudes (warrior_id, weapon_type, aptitude) VALUES (74, '槍', '凡');
INSERT INTO weapon_aptitudes (warrior_id, weapon_type, aptitude) VALUES (74, '馬', '優');
INSERT INTO weapon_aptitudes (warrior_id, weapon_type, aptitude) VALUES (75, '刀', '凡');
INSERT INTO weapon_aptitudes (warrior_id, weapon_type, aptitude) VALUES (75, '弓', '極');
INSERT INTO weapon_aptitudes (warrior_id, weapon_type, aptitude) VALUES (75, '槍', '良');
INSERT INTO weapon_aptitudes (warrior_id, weapon_type, aptitude) VALUES (75, '馬', '良');
INSERT INTO weapon_aptitudes (warrior_id, weapon_type, aptitude) VALUES (76, '刀', '優');
INSERT INTO weapon_aptitudes (warrior_id, weapon_type, aptitude) VALUES (76, '弓', '良');
INSERT INTO weapon_aptitudes (warrior_id, weapon_type, aptitude) VALUES (76, '槍', '優');
INSERT INTO weapon_aptitudes (warrior_id, weapon_type, aptitude) VALUES (76, '馬', '優');
INSERT INTO weapon_aptitudes (warrior_id, weapon_type, aptitude) VALUES (77, '刀', '優');
INSERT INTO weapon_aptitudes (warrior_id, weapon_type, aptitude) VALUES (77, '弓', '凡');
INSERT INTO weapon_aptitudes (warrior_id, weapon_type, aptitude) VALUES (77, '槍', '良');
INSERT INTO weapon_aptitudes (warrior_id, weapon_type, aptitude) VALUES (77, '馬', '良');
INSERT INTO weapon_aptitudes (warrior_id, weapon_type, aptitude) VALUES (78, '刀', '良');
INSERT INTO weapon_aptitudes (warrior_id, weapon_type, aptitude) VALUES (78, '弓', '凡');
INSERT INTO weapon_aptitudes (warrior_id, weapon_type, aptitude) VALUES (78, '槍', '良');
INSERT INTO weapon_aptitudes (warrior_id, weapon_type, aptitude) VALUES (78, '馬', '極');
INSERT INTO weapon_aptitudes (warrior_id, weapon_type, aptitude) VALUES (79, '刀', '優');
INSERT INTO weapon_aptitudes (warrior_id, weapon_type, aptitude) VALUES (79, '弓', '凡');
INSERT INTO weapon_aptitudes (warrior_id, weapon_type, aptitude) VALUES (79, '槍', '優');
INSERT INTO weapon_aptitudes (warrior_id, weapon_type, aptitude) VALUES (79, '馬', '良');
INSERT INTO weapon_aptitudes (warrior_id, weapon_type, aptitude) VALUES (82, '刀', '優');
INSERT INTO weapon_aptitudes (warrior_id, weapon_type, aptitude) VALUES (82, '弓', '良');
INSERT INTO weapon_aptitudes (warrior_id, weapon_type, aptitude) VALUES (82, '槍', '良');
INSERT INTO weapon_aptitudes (warrior_id, weapon_type, aptitude) VALUES (82, '馬', '下');
INSERT INTO weapon_aptitudes (warrior_id, weapon_type, aptitude) VALUES (83, '刀', '良');
INSERT INTO weapon_aptitudes (warrior_id, weapon_type, aptitude) VALUES (83, '弓', '凡');
INSERT INTO weapon_aptitudes (warrior_id, weapon_type, aptitude) VALUES (83, '槍', '良');
INSERT INTO weapon_aptitudes (warrior_id, weapon_type, aptitude) VALUES (83, '馬', '優');
INSERT INTO weapon_aptitudes (warrior_id, weapon_type, aptitude) VALUES (84, '刀', '優');
INSERT INTO weapon_aptitudes (warrior_id, weapon_type, aptitude) VALUES (84, '弓', '凡');
INSERT INTO weapon_aptitudes (warrior_id, weapon_type, aptitude) VALUES (84, '槍', '優');
INSERT INTO weapon_aptitudes (warrior_id, weapon_type, aptitude) VALUES (84, '馬', '下');
INSERT INTO weapon_aptitudes (warrior_id, weapon_type, aptitude) VALUES (85, '刀', '凡');
INSERT INTO weapon_aptitudes (warrior_id, weapon_type, aptitude) VALUES (85, '弓', '良');
INSERT INTO weapon_aptitudes (warrior_id, weapon_type, aptitude) VALUES (85, '槍', '下');
INSERT INTO weapon_aptitudes (warrior_id, weapon_type, aptitude) VALUES (85, '馬', '優');
INSERT INTO weapon_aptitudes (warrior_id, weapon_type, aptitude) VALUES (86, '刀', '良');
INSERT INTO weapon_aptitudes (warrior_id, weapon_type, aptitude) VALUES (86, '弓', '凡');
INSERT INTO weapon_aptitudes (warrior_id, weapon_type, aptitude) VALUES (86, '槍', '優');
INSERT INTO weapon_aptitudes (warrior_id, weapon_type, aptitude) VALUES (86, '馬', '凡');
INSERT INTO weapon_aptitudes (warrior_id, weapon_type, aptitude) VALUES (87, '刀', '良');
INSERT INTO weapon_aptitudes (warrior_id, weapon_type, aptitude) VALUES (87, '弓', '下');
INSERT INTO weapon_aptitudes (warrior_id, weapon_type, aptitude) VALUES (87, '槍', '良');
INSERT INTO weapon_aptitudes (warrior_id, weapon_type, aptitude) VALUES (87, '馬', '優');
INSERT INTO weapon_aptitudes (warrior_id, weapon_type, aptitude) VALUES (88, '刀', '優');
INSERT INTO weapon_aptitudes (warrior_id, weapon_type, aptitude) VALUES (88, '弓', '下');
INSERT INTO weapon_aptitudes (warrior_id, weapon_type, aptitude) VALUES (88, '槍', '良');
INSERT INTO weapon_aptitudes (warrior_id, weapon_type, aptitude) VALUES (88, '馬', '凡');

INSERT INTO skills (id, name, color, weapon_restriction, skill_type, description, sort_order, is_delete) VALUES (1, '天下無双', NULL, NULL, 'パッシブ', '距離2以下の目標に与える全ダメージ18%（45%)増加、距離2以上の攻撃から受ける全ダメージ11%（20%）減少する。同時に3部隊以上から攻撃を受ける時、ダメージ増加効果は無効となる', 1, 0);
INSERT INTO skills (id, name, color, weapon_restriction, skill_type, description, sort_order, is_delete) VALUES (2, '百歩戟中', NULL, '弓のみ', 'パッシブ', '部隊の与える全ダメージが11%（20%）（武力加算）上昇し、移動中の目標へ命中率12%（30%）上昇。自部隊より高い位置にいる目標への命中率は21%（30%）上昇する。', 2, 0);
INSERT INTO skills (id, name, color, weapon_restriction, skill_type, description, sort_order, is_delete) VALUES (3, '危機怯まず', NULL, NULL, 'パッシブ', '部隊の全被ダメ減少 5.5%（10%）減少。直前2秒間に攻撃を受けた敵部隊から受けた攻撃数に応じてさらに2%増加（最大11.5%【25％】まで上昇）', 3, 0);
INSERT INTO skills (id, name, color, weapon_restriction, skill_type, description, sort_order, is_delete) VALUES (4, '孤城固守', NULL, NULL, 'パッシブ', '部隊の全被ダメ6%【15％】（胆力補正）減少。【隣接】に存在する敵1部隊につき、ダメージ軽減効果が追加増加 3.5%【8%】', 4, 0);
INSERT INTO skills (id, name, color, weapon_restriction, skill_type, description, sort_order, is_delete) VALUES (5, '槍は龍の如く', NULL, NULL, '連鎖', '通常攻撃後、25%の確率で敵部隊に1~3回の武功ダメージ 75%【165%】を与える。槍兵系兵種の場合、2～3回となる。', 5, 0);
INSERT INTO skills (id, name, color, weapon_restriction, skill_type, description, sort_order, is_delete) VALUES (6, '単騎駆け', NULL, NULL, 'パッシブ', '【隣接】に存在する敵部隊1部隊につき、部隊の全与ダメ5.5%【10%】上昇（武力補正）、最大で15%【60%】まで上昇', 6, 0);
INSERT INTO skills (id, name, color, weapon_restriction, skill_type, description, sort_order, is_delete) VALUES (7, '怒髪衝天', NULL, NULL, '連鎖', '通常攻撃後、26％【35％】の確率で敵部隊に武功ダメージ 。115%【250％】、敵の怒気を3.5【8】減少。自身は○○状態の影響を受けなくなる。効果は2秒間持続', 7, 0);
INSERT INTO skills (id, name, color, weapon_restriction, skill_type, description, sort_order, is_delete) VALUES (8, '岳家槍陣', NULL, '槍のみ', 'パッシブ', '騎兵からの全被ダメ6.5%【20％】減少（胆力補正）、騎兵に与える全与ダメ6.5%【20％】増加（武力補正）', 8, 0);
INSERT INTO skills (id, name, color, weapon_restriction, skill_type, description, sort_order, is_delete) VALUES (9, '東征西討', NULL, NULL, '怒気技', '主将時、怒気100以上で全怒気を消費し、【前方扇形範囲】内最大4部隊に武攻ダメージ 550%【1000% 怒気補正】、敵1部隊毎にダメージ率-60%', 9, 0);
INSERT INTO skills (id, name, color, weapon_restriction, skill_type, description, sort_order, is_delete) VALUES (10, '千里転戦', NULL, '弓以外', 'パッシブ', '戦闘状態にない時、移動速度+55【100】。【隣接】に存在する味方または友軍部隊1部隊につき、部隊の全与ダメを5.5%【10%】（武力補正）上昇させる。最大で45%まで', 10, 0);
INSERT INTO skills (id, name, color, weapon_restriction, skill_type, description, sort_order, is_delete) VALUES (11, '矢神', '弓のみ', NULL, 'パッシブ', '自身の通常攻撃クリティカル率を5.5%【10%】上昇。通常攻撃の対象の【隣接】の1部隊の敵部隊に追加で通常攻撃ダメージ 35%【80％】を与える。追加ダメージは連鎖を発動しない。', 11, 0);
INSERT INTO skills (id, name, color, weapon_restriction, skill_type, description, sort_order, is_delete) VALUES (12, '射日', NULL, '弓のみ', 'パッシブ', '部隊のアクティブスキルおよび怒気技のクリティカル率が6.5%【20%】上昇。対象部隊の高度が自身より高い場合、さらにアクティブスキルと怒気技のクリティカル率が18.5%【50％】増加（武力補正）', 12, 0);
INSERT INTO skills (id, name, color, weapon_restriction, skill_type, description, sort_order, is_delete) VALUES (13, '克敵の勝', NULL, NULL, 'パッシブ', '部隊の有利兵種効果が10.5%【15%】増加する（知力補正）', 13, 0);
INSERT INTO skills (id, name, color, weapon_restriction, skill_type, description, sort_order, is_delete) VALUES (14, '兵は常形無し', NULL, NULL, 'パッシブ', '部隊がダメージを受ける際、不利兵種による被ダメ増加の影響を受けず、与ダメ時の有利兵種効果が12%【30%】増加する。（知力補正）', 14, 0);
INSERT INTO skills (id, name, color, weapon_restriction, skill_type, description, sort_order, is_delete) VALUES (15, '八九玄功', NULL, NULL, 'パッシブ', '自身のダメージを与える時、30%【75%】の確率で敵の被ダメ減少効果を無視し、さらに自分は10レベルごとに追加で10ポイントの能力を獲得する。自身が40レベルの際、第2スキルレベルが+1、45レベルの際は第3スキルレベルが+1、50レベルの際は第2、第3レベルがさらに+1される。', 15, 0);
INSERT INTO skills (id, name, color, weapon_restriction, skill_type, description, sort_order, is_delete) VALUES (16, '九転の元功', NULL, NULL, 'パッシブ', '部隊は全てのデバフ状態を無効化し、ダメージを受ける度、そのダメージ元の部隊に対して全被ダメを2%減少（胆力補正）。ダメージ元1部隊あたり2秒ごとに1回まで最大で12%【30%】減少。戦闘離脱まで持続', 16, 0);
INSERT INTO skills (id, name, color, weapon_restriction, skill_type, description, sort_order, is_delete) VALUES (17, '連営の火', NULL, NULL, '能動', '25%の確率で発動し、敵軍部隊に知攻ダメージ 120%【300%】を与え、かつマスを【燃焼】状態（ダメージ90%【180%】）にする。持続時間4秒間。2秒後、燃焼は燃焼していない敵軍がいるマスに優先して蔓延する。持続時間4秒間。最大2回まで拡大可能。対象マスがすでに燃焼状態なら、知攻ダメージ 120%【300%】を与え、さらに500の固定兵力ダメージ（兵科影響あり）を追加で与える。', 17, 0);
INSERT INTO skills (id, name, color, weapon_restriction, skill_type, description, sort_order, is_delete) VALUES (18, '絶命の生還', NULL, NULL, 'パッシブ', '部隊が兵力上限x32%【50%】以下の時、2秒ごとに部隊の兵力が一定量回復する（回復率 70%【250%】知力補正）。非戦闘時でも回復可能。出征前の兵力が10000を超える場合、致命ダメージを受けた時に【ダメージ無効】と【免疫】状態に入り、12秒持続し、100秒以内に再発動できない。', 18, 0);
INSERT INTO skills (id, name, color, weapon_restriction, skill_type, description, sort_order, is_delete) VALUES (19, '阻撃戦', '弓以外', NULL, 'パッシブ', '【円形範囲】内の敵部隊が攻撃後、自身未移動時37%【100%】確率で攻撃元に武攻ダメージ 55%【100%】、前2秒に受けた攻撃1部隊毎に12%【30%】追加。最大60%【150%】2秒毎に1部隊最大1回発動。反撃スキル', 19, 0);
INSERT INTO skills (id, name, color, weapon_restriction, skill_type, description, sort_order, is_delete) VALUES (20, '生生流転', NULL, NULL, 'パッシブ', '部隊が300兵力回復するごとに、部隊の与ダメージが1%【10%】増加（武力補正）。最大で55%【100%】。同時に部隊の被ダメを1%【10%】減少。2秒間持続。効果は重ねがけ可能。', 20, 0);
INSERT INTO skills (id, name, color, weapon_restriction, skill_type, description, sort_order, is_delete) VALUES (21, '名乗り', NULL, NULL, '能動', '11.5%【25%】の確率で発動し、自身の【円形範囲】内の2部隊の敵部隊を【挑発】状態にし、部隊に【通常攻撃被ダメージ軽減】状態を付与し、受ける通常攻撃ダメージを23％【50%】軽減し、4秒間持続', 21, 0);
INSERT INTO skills (id, name, color, weapon_restriction, skill_type, description, sort_order, is_delete) VALUES (22, '一夫当関', NULL, NULL, 'パッシブ', '部隊が攻撃対象となった際、敵部隊の連鎖スキル発動率が6％【15%】減少します。（胆力補正）', 22, 0);
INSERT INTO skills (id, name, color, weapon_restriction, skill_type, description, sort_order, is_delete) VALUES (23, '忠君衛道', NULL, NULL, 'パッシブ', '【隣接】の味方部隊被ダメージ時、部隊が22%【40%】のダメージを肩代わりする。（ダメージの22%【40%】軽減。胆力補正）。他効果発動不可', 23, 0);
INSERT INTO skills (id, name, color, weapon_restriction, skill_type, description, sort_order, is_delete) VALUES (24, '堅城守備', NULL, NULL, 'パッシブ', '部隊が弓兵から受ける全ダメージが32%【50%】減少（胆力補正）し、弓兵以外から受ける全ダメージ6.5%【20%】減少する。（胆力補正）', 24, 0);
INSERT INTO skills (id, name, color, weapon_restriction, skill_type, description, sort_order, is_delete) VALUES (25, '歯には歯を', NULL, NULL, 'パッシブ', '２秒ごとに敵部隊へ武攻ダメージ 30%を与え、さらに目標部隊が直前2秒間に行った通常攻撃の回数ごとにダメージ率が加算され、1回ごとに追加13%【40%】ダメージ率が上昇します。', 25, 0);
INSERT INTO skills (id, name, color, weapon_restriction, skill_type, description, sort_order, is_delete) VALUES (26, '目には目を', NULL, NULL, 'パッシブ', '直近10秒以内に目標部隊からのダメージを受けている場合、その部隊に対して与える全ダメージが12%【30%】増加します。（武力補正）', 26, 0);
INSERT INTO skills (id, name, color, weapon_restriction, skill_type, description, sort_order, is_delete) VALUES (27, '完計', NULL, NULL, '能動', '26%【35%】の確率で発動し、まず目標部隊が自身から得ている【中毒】状態を処理し、その後、敵部隊を【中毒】状態（ダメージ率87%【150%】）にし、6秒間持続', 27, 0);
INSERT INTO skills (id, name, color, weapon_restriction, skill_type, description, sort_order, is_delete) VALUES (28, '算無遺策', NULL, NULL, 'パッシブ', '部隊の全ての武将はアクティブスキルを発動するたびに、その発動した武将の武力と知力が13【40】（知力補正）上昇し、2秒間持続する', 28, 0);
INSERT INTO skills (id, name, color, weapon_restriction, skill_type, description, sort_order, is_delete) VALUES (29, '猛志常在', NULL, NULL, 'パッシブ', '部隊の怒気下限が23【50】まで上昇し、怒気の自然回復速度は2秒ごとに5に減少する', 29, 0);
INSERT INTO skills (id, name, color, weapon_restriction, skill_type, description, sort_order, is_delete) VALUES (30, '奮死', NULL, NULL, 'パッシブ', '部隊が直前10秒以内に失った兵力が13000を超える場合、部隊の全ダメージのクリティカル率が55%【100%】上昇し、クリティカルダメージが55%【100%】（武力補正）増加する。', 30, 0);
INSERT INTO skills (id, name, color, weapon_restriction, skill_type, description, sort_order, is_delete) VALUES (31, '不動は山の如く', NULL, NULL, 'パッシブ', '戦闘開始後、2秒ごとに1層の【属性上昇】状態を獲得し、自身の武力・知力・胆力が5増加する。この効果は最大3【12】層まで重複可能。層数が3層を超えると挑発状態を無効化する。移動するたびに層数はリセットされる。', 31, 0);
INSERT INTO skills (id, name, color, weapon_restriction, skill_type, description, sort_order, is_delete) VALUES (32, '晩節隆盛', NULL, NULL, 'パッシブ', '部隊の負傷率が19%【10%】減少し、【治療禁止】状態となる。受ける全ダメージが11%【20%】減少し、与える全ダメージが11%【20%】（武力補正）上昇する。', 32, 0);
INSERT INTO skills (id, name, color, weapon_restriction, skill_type, description, sort_order, is_delete) VALUES (33, '玄甲鉄騎', NULL, NULL, 'パッシブ', '部隊が受ける武攻ダメージが7%【25%】減少し、知攻ダメージ（被ダメ）が19%【10%】増加する。また、距離が1を超える全ダメージについては、さらに15%減少する。', 33, 0);
INSERT INTO skills (id, name, color, weapon_restriction, skill_type, description, sort_order, is_delete) VALUES (34, '百戦の奇略', NULL, NULL, 'パッシブ', '部隊の残兵力が60%以上の場合、与える全ダメージが12%【30%】（武力補正）上昇し、それ未満の場合は受ける全ダメージが11%【20%】減少する。', 34, 0);
INSERT INTO skills (id, name, color, weapon_restriction, skill_type, description, sort_order, is_delete) VALUES (35, '屠所の刃', NULL, NULL, 'パッシブ', '部隊の全武将がダメージを与える時、敵部隊の胆力6%【15%】を無視する。', 35, 0);
INSERT INTO skills (id, name, color, weapon_restriction, skill_type, description, sort_order, is_delete) VALUES (36, '破竹の勢い', NULL, NULL, 'パッシブ', '部隊の連鎖スキル発動率が5%上昇し、連鎖スキルダメージが6.5%【20%】（武力補正）増加する。', 36, 0);
INSERT INTO skills (id, name, color, weapon_restriction, skill_type, description, sort_order, is_delete) VALUES (37, '鉄槍破敵', NULL, NULL, '連鎖', '通常攻撃後、30%の確率で敵部隊に武攻ダメージ 95%【230％】を与え、敵の全武将を〇〇状態にし、胆力を6【15】減少させる。効果4秒間持続', 37, 0);
INSERT INTO skills (id, name, color, weapon_restriction, skill_type, description, sort_order, is_delete) VALUES (38, '鉄胆の槍塊', NULL, NULL, 'パッシブ', '部隊所属の全武将は、各行動ごとに30%【75％】の確率（武力補正）で【連撃】状態を2秒間獲得します。刀兵系・騎兵系兵種の場合、連撃発動率が15%減少し、弓兵系兵種の場合は連撃発動率が40%減少します。各武将ごとに個別判定されます。', 38, 0);
INSERT INTO skills (id, name, color, weapon_restriction, skill_type, description, sort_order, is_delete) VALUES (39, '怒破万軍', NULL, NULL, '怒気技', '主将時に怒気110以上の時、全怒気を消費し、【円形範囲】内の最大6部隊に武攻ダメージ 315%【540%】（怒気補正）を与え、3部隊以上の部隊にダメージを与えた場合、怒気回復効率を50%上昇させ、次にこのスキルを発動するまで持続する。', 39, 0);
INSERT INTO skills (id, name, color, weapon_restriction, skill_type, description, sort_order, is_delete) VALUES (40, '短兵近接', NULL, '弓以外', 'パッシブ', '【隣接】の敵部隊に与えるアクティブ及び連鎖ダメージを12.5%【35%】（武力補正）上昇させる', 40, 0);
INSERT INTO skills (id, name, color, weapon_restriction, skill_type, description, sort_order, is_delete) VALUES (41, '烈火衝天', NULL, NULL, '怒気技', '主将時に怒気100以上の時、全怒気を消費し、自身前方【直線範囲】内の敵部隊に智攻ダメージ 325%【550%】（怒気補正）、対象が燃焼タイル上にいる場合、ダメージ率は670%【1300%】。タイルを【燃焼】状態（ダメージ率90%【180%】）にし、8秒間持続', 41, 0);
INSERT INTO skills (id, name, color, weapon_restriction, skill_type, description, sort_order, is_delete) VALUES (42, '焼き尽くし', NULL, '兵器含む', 'パッシブ', '部隊が器械および建築物に与える全ダメージが65%【200％】増加します。（知力補正）', 42, 0);
INSERT INTO skills (id, name, color, weapon_restriction, skill_type, description, sort_order, is_delete) VALUES (43, '万矢斉射', '弓のみ', NULL, '能動', '31%【40%】の確率で発動し、対象部隊及びその【隣接】の敵部隊に武功ダメージ 86%【140%】を与え、敵部隊が1部隊多いごとにダメージ率が20%減少し、最大80%まで減少する。', 43, 0);
INSERT INTO skills (id, name, color, weapon_restriction, skill_type, description, sort_order, is_delete) VALUES (44, '弱点攻破', NULL, NULL, 'パッシブ', '敵部隊に異なるデバフ状態が1種類あるごとに、その部隊への全ダメージが3.7%【10%】増加（武力補正）。最大で50%まで', 44, 0);
INSERT INTO skills (id, name, color, weapon_restriction, skill_type, description, sort_order, is_delete) VALUES (45, '刮骨療傷', NULL, NULL, '能動', '21%【30%】の確率で発動し、部隊の兵力を一定回復 220%【400%】（知力補正）、さらに自身部隊が【免疫】状態を4秒間獲得', 45, 0);
INSERT INTO skills (id, name, color, weapon_restriction, skill_type, description, sort_order, is_delete) VALUES (46, '神医', NULL, NULL, 'パッシブ', '部隊の負傷率+1%【10%】、回復効果が35%【80%】増加する（知力補正）', 46, 0);
INSERT INTO skills (id, name, color, weapon_restriction, skill_type, description, sort_order, is_delete) VALUES (47, '策術深遠', NULL, NULL, '連鎖', '通行攻撃後、32%【50%】の確率で敵部隊に知攻ダメージ 66%【120%】を与え、対象部隊の全ての強化状態を解除する。', 47, 0);
INSERT INTO skills (id, name, color, weapon_restriction, skill_type, description, sort_order, is_delete) VALUES (48, '母儀天下', NULL, NULL, 'パッシブ', '部隊が与える全ダメージが6%【15%】増加します。（知力補正）。さらに5怒気ごとに追加で1%増加します。', 48, 0);
INSERT INTO skills (id, name, color, weapon_restriction, skill_type, description, sort_order, is_delete) VALUES (49, '猿臂の強弓', '弓のみ', NULL, 'パッシブ', '自身の通常攻撃に貫通効果が付与され、攻撃範囲内で同一直線かつ同じ高さにいる最大4つの敵部隊に通常攻撃ダメージを与える。ダメージ率 80%/57%【120%】/90%【180%】/115%【250%】の順となる。連鎖は最初にダメージを受けた部隊のみ発動する。', 49, 0);
INSERT INTO skills (id, name, color, weapon_restriction, skill_type, description, sort_order, is_delete) VALUES (50, '飛将軍', NULL, NULL, 'パッシブ', '部隊が受ける全ダメージが13%【40%】（胆力補正）減少します。部隊が何らかのダメージを与えた後は、被ダメージ減少効果が消失し、代わりに全ダメージが11%【20%】（武力補正）増加します。この効果は戦闘終了まで持続します。', 50, 0);
INSERT INTO skills (id, name, color, weapon_restriction, skill_type, description, sort_order, is_delete) VALUES (51, '破軍奪旗', '全', NULL, '能動', '31%【40%】の確率で発動し、敵部隊に武攻ダメージ 95%【230%】を与える。直前2秒間の兵力損失が2000を超える場合、ダメージ率は225%【450%】となる。', 51, 0);
INSERT INTO skills (id, name, color, weapon_restriction, skill_type, description, sort_order, is_delete) VALUES (52, '十騎落城', NULL, NULL, 'パッシブ', '部隊の兵力が目標部隊の43.5%【30%】以上の時、その部隊に与える全ダメージが出生時の初期兵力を基準として計算される。', 52, 0);
INSERT INTO skills (id, name, color, weapon_restriction, skill_type, description, sort_order, is_delete) VALUES (53, '太祖長拳', NULL, NULL, '能動', '31%【40%】の確率で発動し、敵部隊に武功ダメージ 110%【200%】を与える。前回と同じ攻撃対象なら、このスキルのダメージ率が6%【15%】増加（最大15回まで重複）。攻撃対象が異なる場合、ダメージ率増加効果はリセットされる。', 53, 0);
INSERT INTO skills (id, name, color, weapon_restriction, skill_type, description, sort_order, is_delete) VALUES (54, '杯酒解兵', NULL, '弓以外', 'パッシブ', '部隊がアクティブスキルで直接ダメージを与えた時、追加で65【200】兵力（武力補正）分の固定ダメージを与える。間接ダメージ効果時は追加ダメージ18.5【50】兵力の固定ダメージとなる。', 54, 0);
INSERT INTO skills (id, name, color, weapon_restriction, skill_type, description, sort_order, is_delete) VALUES (56, '致命の突撃', NULL, '馬のみ', 'パッシブ', '部隊が突撃状態（移動速度が兵種基礎速度以上かつ10秒間維持）で初めて攻撃する時、部隊兵力x1.1%【2%】分の固定ダメージを追加で与える。', 56, 0);
INSERT INTO skills (id, name, color, weapon_restriction, skill_type, description, sort_order, is_delete) VALUES (57, '奇正', NULL, NULL, 'パッシブ', '部隊全武将がアクティブスキルまたは連鎖スキルを発動するたびに、自身の与ダメージが5.5%【10%】上昇し、ダメージを与える際に敵の胆力6%【15%】を無視する。2秒間持続し、効果は重複可能。', 57, 0);
INSERT INTO skills (id, name, color, weapon_restriction, skill_type, description, sort_order, is_delete) VALUES (58, '鴛鴦陣', NULL, NULL, 'パッシブ', '【円形範囲】内の味方槍兵部隊が与えるダメージを6%【15%】（武力補正）上昇させ、味方刀兵部隊が受ける回復効果を12%【30%】上昇させ、味方弓兵部隊のクリティカル率を+5.5%【10%】する。', 58, 0);
INSERT INTO skills (id, name, color, weapon_restriction, skill_type, description, sort_order, is_delete) VALUES (59, '援攻', NULL, NULL, 'パッシブ', '行軍時、最初の2秒間に自身の【隣接】に存在し対象にダメージを与えた味方または友軍部隊が1部隊存在するごとに、自身が13%【40%】の確率で追加で1回の通常攻撃を行い、各部隊ごとに独立判定され、最大で3回の追加通常攻撃が可能。', 59, 0);
INSERT INTO skills (id, name, color, weapon_restriction, skill_type, description, sort_order, is_delete) VALUES (60, '軍師', NULL, NULL, 'パッシブ', '怒気スキル発動後、部隊が受ける全ダメージが22%【40％】減少（胆力補正）、減少効果は2秒ごとに4%ずつ減少する。', 60, 0);
INSERT INTO skills (id, name, color, weapon_restriction, skill_type, description, sort_order, is_delete) VALUES (61, '銅筋鉄骨', NULL, NULL, 'パッシブ', '部隊は2秒ごとに最大7700【5000】の兵力しか失わない。固定ダメージは無効化できない。部隊のクリティカル率が90%減少する。', 61, 0);
INSERT INTO skills (id, name, color, weapon_restriction, skill_type, description, sort_order, is_delete) VALUES (62, '百挫不屈', NULL, NULL, 'パッシブ', '部隊が前6秒以内にデバフ状態になるごとに、与える全ダメージが5.5%【10%】増加、最大で23%【50%】まで（武力補正）', 62, 0);
INSERT INTO skills (id, name, color, weapon_restriction, skill_type, description, sort_order, is_delete) VALUES (63, '乾坤策定', NULL, NULL, 'パッシブ', '部隊は【挑発】・【鈍足】状態を無効化する。2秒以内に3未満の部隊から攻撃を受けた場合、主将が与える全ダメージが知力補正で6%【15%】上昇。3以上の部隊から攻撃を受けた場合、部隊が受ける全ダメージが11％【20%】減少。5以上の部隊から攻撃を受けた場合、全ての増減ダメージ効果が無効化される。', 63, 0);
INSERT INTO skills (id, name, color, weapon_restriction, skill_type, description, sort_order, is_delete) VALUES (64, '杙道明修', NULL, NULL, 'パッシブ', '部隊が移動中は【挑発】・【鈍足】状態を無効化。さらに戦闘に突入し初回ダメージ発生後、部隊の与える全ダメージが12%【30%】増加（知力補正）。増加効果は4秒ごとに1%減少', 64, 0);
INSERT INTO skills (id, name, color, weapon_restriction, skill_type, description, sort_order, is_delete) VALUES (65, '飛火矢', '弓のみ', NULL, 'パッシブ', '通常攻撃時、10%の確率で対象を【灼傷】状態（ダメージ率120%【300%】）にし、4秒間持続。対象が林地にいる場合、燃灼発生確率が30%まで上昇し、通常攻撃で対象タイルが【燃焼】状態（ダメージ率70%【160%】4秒間持続）となる。対象が燃焼または燃灼状態の場合、通常攻撃で50%の確率で【鈍足】状態となり、移動速度が22%【40%】低下する。4秒間持続', 65, 0);
INSERT INTO skills (id, name, color, weapon_restriction, skill_type, description, sort_order, is_delete) VALUES (66, '高所の利', NULL, '弓のみ', 'パッシブ', '自身部隊が与える全ダメージが16%【25%】増加します。部隊の高度が目標部隊より高い場合、与える全ダメージが27%【45%】まで増加します。（武力補正）', 66, 0);
INSERT INTO skills (id, name, color, weapon_restriction, skill_type, description, sort_order, is_delete) VALUES (67, '合奏', NULL, NULL, '能動', '30%の確率で発動し、敵部隊に知攻ダメージ 65%【】を与え、部隊に【武攻ダメージ増加】状態を付与する。武攻5%（知力補正）上昇し、1部隊につき最大5回まで重ね掛け可能', 67, 0);
INSERT INTO skills (id, name, color, weapon_restriction, skill_type, description, sort_order, is_delete) VALUES (68, '剣舞', NULL, NULL, 'パッシブ', '部隊が攻撃する際、直前2秒間と同じ目標を攻撃している場合、部隊の与える全ダメージが2%上昇し、最大7【25】回まで重複可能。攻撃目標が異なる場合、このダメージ上昇効果はリセットされる。', 68, 0);
INSERT INTO skills (id, name, color, weapon_restriction, skill_type, description, sort_order, is_delete) VALUES (69, '輔周討紂', NULL, NULL, 'パッシブ', '主将が怒気技を発動した際、同時に敵部隊1体に知攻ダメージ 380%【1100%】を与え、自身の怒気を11【20】回復します。', 69, 0);
INSERT INTO skills (id, name, color, weapon_restriction, skill_type, description, sort_order, is_delete) VALUES (70, '休養生息', NULL, NULL, 'パッシブ', '2秒ごとに部隊の兵力が一定量回復する（回復率 65%【200%】知力補正）。非戦闘時にも回復する。', 70, 0);
INSERT INTO skills (id, name, color, weapon_restriction, skill_type, description, sort_order, is_delete) VALUES (71, '百発百中', '弓のみ', NULL, 'パッシブ', '部隊の射程が1減少し、距離2以下の目標に与える全ダメージが15%【60%】増加、命中率55%【100％】上昇します。', 71, 0);
INSERT INTO skills (id, name, color, weapon_restriction, skill_type, description, sort_order, is_delete) VALUES (72, '百歩穿楊', NULL, '弓のみ', 'パッシブ', '自身部隊の射程が1増加し、距離が3以上の敵部隊に対して全ダメージが1%【10%】増加します。（武力補正）', 72, 0);
INSERT INTO skills (id, name, color, weapon_restriction, skill_type, description, sort_order, is_delete) VALUES (73, '閉月', NULL, NULL, 'パッシブ', '自身が【通常攻撃不可】状態に陥る代償として、部隊アクティブスキル発動率が5.5%【10%】増加します。', 73, 0);
INSERT INTO skills (id, name, color, weapon_restriction, skill_type, description, sort_order, is_delete) VALUES (74, '驚鴻の舞', NULL, NULL, 'パッシブ', '部隊のアクティブスキル発動率が4%【13%】増加します。（知力補正）', 74, 0);
INSERT INTO skills (id, name, color, weapon_restriction, skill_type, description, sort_order, is_delete) VALUES (75, '弦鳴甲破', NULL, NULL, '能動', '21%【30%】の確率で発動し、敵部隊に武攻ダメージ 60%【150%】を与え、【被ダメージ増加】状態にする。この状態中、受ける全ダメージが1%【10%】上昇し、2秒間持続', 75, 0);
INSERT INTO skills (id, name, color, weapon_restriction, skill_type, description, sort_order, is_delete) VALUES (76, '戦場の激戦', NULL, NULL, 'パッシブ', '部隊が与える全てのダメージが3.4%【7】（武力補正）上昇させる。
隣接に存在する敵部隊1部隊につき、追加で2.3%【5%】上昇し、最大で6.9%【15%】まで追加上昇可能。
受ける全てのダメージを3.4%【7%】（胆力補正）軽減し、隣接する味方または友軍部隊1部隊につき、
追加で2.3%【5%】軽減し、最大で6.9%【15%】まで追加軽減可能。', 76, 0);
INSERT INTO skills (id, name, color, weapon_restriction, skill_type, description, sort_order, is_delete) VALUES (77, '攻伐九策', NULL, NULL, '能動', '25%の確率で発動し、敵部隊に知攻ダメージ 245%【650%】を与える。9回目以降はこのスキルの基本発動率が戦闘離脱まで半分になる。', 77, 0);
INSERT INTO skills (id, name, color, weapon_restriction, skill_type, description, sort_order, is_delete) VALUES (78, '百工の祖', NULL, NULL, 'パッシブ', '同盟器械操作中、2秒ごとに耐久を5【50】回復（知力補正）、戦闘中は回復効果が3倍になる。', 78, 0);
INSERT INTO skills (id, name, color, weapon_restriction, skill_type, description, sort_order, is_delete) VALUES (79, '珠聯璧合', NULL, NULL, '能動', '25%の確率で発動し、自身が相手主将の現在の最大属性の6.5%【20%】を獲得し、対象を【属性減少】状態にする。最大属性を3%【7.5%】減少させ、4秒間持続', 79, 0);
INSERT INTO skills (id, name, color, weapon_restriction, skill_type, description, sort_order, is_delete) VALUES (80, '屏息静気', NULL, NULL, 'パッシブ', '部隊が2秒間ダメージを受けず、枚つ同高度で隣接に敵部隊がいない場合、部隊が与える全てのダメージを11%【20%】（武力補正）上昇させ、クリティカル率+6%【15%】', 80, 0);
INSERT INTO skills (id, name, color, weapon_restriction, skill_type, description, sort_order, is_delete) VALUES (82, '明妃', NULL, NULL, 'パッシブ', '主将の与える全ダメージが24%【60%】増加（知力補正）。副将の与える全ダメージが29%【20%】減少', 82, 0);
INSERT INTO skills (id, name, color, weapon_restriction, skill_type, description, sort_order, is_delete) VALUES (83, '秋毫の末', NULL, NULL, '能動', '26%【35%】の確率で発動し、敵部隊の主将または副将を【機会利用】状態にし、持続2秒。
対象がアクティブスキル発動に失敗した場合、知攻ダメージ 190%【370%】を受ける。', 83, 0);
INSERT INTO skills (id, name, color, weapon_restriction, skill_type, description, sort_order, is_delete) VALUES (84, '窮地反撃', NULL, NULL, 'パッシブ', '部隊の兵力が初めて兵力上限の90%/70%/50%/30%を下回った時、クリティカル率が22%【40%】増加し、アクティブおよび連鎖スキルの発動率が11.5%【25%】（知力補正）上昇する。4秒間持続。さらに【ダメージ無効】状態を獲得し、4秒間持続する。', 84, 0);
INSERT INTO skills (id, name, color, weapon_restriction, skill_type, description, sort_order, is_delete) VALUES (85, '威震辺境', NULL, NULL, 'パッシブ', '自身の通常攻撃ダメージ21%【30%】増加し、自身の連鎖ダメージが21%【30%】増加する。これらのダメージ増加効果は2秒ごとに0.5%ずつ減少し、最大10%まで減少する。戦闘状態を離脱するまで持続する。', 85, 0);
INSERT INTO skills (id, name, color, weapon_restriction, skill_type, description, sort_order, is_delete) VALUES (86, '白刃戦', NULL, NULL, 'パッシブ', '部隊の与える全ダメージが12.5%【35%】増加（武力補正）。距離が1を超えるごとに距離1ごとに効果が10%減少', 86, 0);
INSERT INTO skills (id, name, color, weapon_restriction, skill_type, description, sort_order, is_delete) VALUES (87, '摂政の威光', NULL, NULL, '能動', '12%【30%】の確率で発動し、敵部隊を【服従】状態にする。この状態の目標を攻撃時、攻撃側アクティブスキル・連鎖スキル発動率5%上昇。重複、置換不可。持続時間4秒', 87, 0);
INSERT INTO skills (id, name, color, weapon_restriction, skill_type, description, sort_order, is_delete) VALUES (88, '披甲督戦', NULL, NULL, 'パッシブ', '部隊の士気+6【+15】（知力補正）、敵部隊の士気が低い場合、1点の士気差ごとに部隊が与える全ダメージが1.5%増加。非プレイヤー部隊との戦闘時、士気差は固定で11【20】となる。', 88, 0);
INSERT INTO skills (id, name, color, weapon_restriction, skill_type, description, sort_order, is_delete) VALUES (89, '臥薪嘗胆', NULL, NULL, 'パッシブ', '部隊が受ける通常攻撃ダメージが16%【25】減少。さらに通常攻撃ダメージを受けるたびに、自身のアクティブスキル発動率が0.5％【5%】上昇（最大4回まで重複可能。2秒間', 89, 0);
INSERT INTO skills (id, name, color, weapon_restriction, skill_type, description, sort_order, is_delete) VALUES (90, '士気鼓舞', NULL, NULL, 'パッシブ', '部隊の士気+5.5【+10】。士気が100以上の時、与える全ダメージが11%【20%】上昇（知力補正）', 90, 0);
INSERT INTO skills (id, name, color, weapon_restriction, skill_type, description, sort_order, is_delete) VALUES (91, '百戦先駆', NULL, NULL, '怒気技', '主将時、怒気が100以上の時、全ての怒気を消費し、敵部隊に武攻ダメージ 570%【1200%】（怒気補正）を与え、さらに22%【40%】の確率で部隊が【ダメージ無効】状態になり、2秒間持続', 91, 0);
INSERT INTO skills (id, name, color, weapon_restriction, skill_type, description, sort_order, is_delete) VALUES (92, '陥陣先鋒', NULL, NULL, 'パッシブ', '部隊が与える全てのダメージを5.5%【10%】（武力補正）上昇させ、【隣接】に存在する敵部隊1部隊につき、追加で2.5%【7%】上昇し、最大で16%【25%】まで追加上昇する。', 92, 0);
INSERT INTO skills (id, name, color, weapon_restriction, skill_type, description, sort_order, is_delete) VALUES (93, '霹靂の弓', '弓のみ', NULL, 'パッシブ', '自身のクリティカル率+6％【+15%】。敵主将+副将の胆力が125【350】未満の場合、さらにクリティカル率+5.5%【+10%】', 93, 0);
INSERT INTO skills (id, name, color, weapon_restriction, skill_type, description, sort_order, is_delete) VALUES (94, '雷霆の威', NULL, NULL, 'パッシブ', '部隊のクリティカル率+3%【12%】、クリティカルダメージ+25%【70%】（武力補正）', 94, 0);
INSERT INTO skills (id, name, color, weapon_restriction, skill_type, description, sort_order, is_delete) VALUES (95, '吏治整備', NULL, NULL, 'パッシブ', '主政官に任命されている場合、全官員の内政が+12【+30%】', 95, 0);
INSERT INTO skills (id, name, color, weapon_restriction, skill_type, description, sort_order, is_delete) VALUES (96, '乾綱独断', NULL, NULL, 'パッシブ', '部隊が敵主将から受ける全ダメージが22%【40％】減少（知力補正）', 96, 0);
INSERT INTO skills (id, name, color, weapon_restriction, skill_type, description, sort_order, is_delete) VALUES (97, '荒地開墾令', NULL, NULL, 'パッシブ', '糧秣官に任命されている場合、食糧産出量が1%【10%】増加（内政補正）', 97, 0);
INSERT INTO skills (id, name, color, weapon_restriction, skill_type, description, sort_order, is_delete) VALUES (98, '軍功抜擢', NULL, NULL, 'パッシブ', '部隊が戦闘で獲得する軍功が3.5%【8%】増加（内政補正）', 98, 0);
INSERT INTO skills (id, name, color, weapon_restriction, skill_type, description, sort_order, is_delete) VALUES (99, '府兵制', NULL, NULL, 'パッシブ', '募兵使に任命されている場合、予備兵の徴兵速度が5.5%【10%】上昇', 99, 0);
INSERT INTO skills (id, name, color, weapon_restriction, skill_type, description, sort_order, is_delete) VALUES (100, '歴戦', NULL, NULL, 'パッシブ', '部隊が戦闘で獲得する経験値が11%【20%】増加（内政補正）', 100, 0);
INSERT INTO skills (id, name, color, weapon_restriction, skill_type, description, sort_order, is_delete) VALUES (101, '豆の軍勢', NULL, NULL, '能動', '31%【40%】の確率で発動し、部隊が追加で兵力を獲得する（回復率165%【300%】知力補正）。4秒後にこの兵力は消失し、兵力損失時はこの兵力から優先して消費され、負傷兵は発生しない。', 101, 0);
INSERT INTO skills (id, name, color, weapon_restriction, skill_type, description, sort_order, is_delete) VALUES (102, '長駆の勝', NULL, '馬のみ', 'パッシブ', '部隊が移動中の目標に与えるダメージが22%【40%】（知力補正）上昇し、ダメージを与えた後、部隊の移動速度が110【200】上昇 4秒持続・重複不可。また部隊が移動中の場合、受ける全ダメージが22%【40】減少する。', 102, 0);
INSERT INTO skills (id, name, color, weapon_restriction, skill_type, description, sort_order, is_delete) VALUES (103, '蕙質蘭心', NULL, NULL, 'パッシブ', '部隊が攻撃目標と見なされた際、ダメージを与えた部隊の全武将のアクティブスキル発動率6%【15%】低下する（効果は重複不可）2秒間持続', 103, 0);
INSERT INTO skills (id, name, color, weapon_restriction, skill_type, description, sort_order, is_delete) VALUES (104, '鳳求凰', NULL, NULL, 'パッシブ', '相性有利な兵種にダメージを与えるとダメージ値x7%【25％】分の兵力を回復', 104, 0);
INSERT INTO skills (id, name, color, weapon_restriction, skill_type, description, sort_order, is_delete) VALUES (105, '破陣の響き', NULL, NULL, '能動', '30%の確率で発動し、敵部隊に武攻ダメージ 160%【250%】を与える。また自身のアクティブスキル発動率を10%上昇。持続時間4秒。この発動率上昇効果は重複不可。', 105, 0);
INSERT INTO skills (id, name, color, weapon_restriction, skill_type, description, sort_order, is_delete) VALUES (106, '娘子軍', NULL, NULL, 'パッシブ', '敵将が男性の場合、部隊が受ける武攻ダメージが22%【40%】減少（武力補正）。ただし、弓兵及び投石からのダメージは減少しない。', 106, 0);
INSERT INTO skills (id, name, color, weapon_restriction, skill_type, description, sort_order, is_delete) VALUES (107, '連撃', NULL, NULL, '能動', '25%【52%】の確率で発動し、自身に【連撃】状態を付与。2秒間持続', 107, 0);
INSERT INTO skills (id, name, color, weapon_restriction, skill_type, description, sort_order, is_delete) VALUES (108, '槍の反突', NULL, NULL, 'パッシブ', '4秒以内に対象部隊からダメージを受けた場合、自身部隊がその部隊に与える連鎖ダメージが13%【40%】増加する（武力補正）', 108, 0);
INSERT INTO skills (id, name, color, weapon_restriction, skill_type, description, sort_order, is_delete) VALUES (109, '天下独戦', NULL, NULL, '能動', '11%【29%】の確率で発動し、自身の【円形範囲】内の2部隊の敵部隊を【挑発】状態にし、2秒間持続する', 109, 0);
INSERT INTO skills (id, name, color, weapon_restriction, skill_type, description, sort_order, is_delete) VALUES (110, '城焚き', NULL, NULL, 'パッシブ', '部隊の主将および副将が建築物にダメージを与える際、攻撃者自身の知力x40%【85%】の追加ダメージ加算を得る。', 110, 0);
INSERT INTO skills (id, name, color, weapon_restriction, skill_type, description, sort_order, is_delete) VALUES (111, '強弩猛射', '弓のみ', NULL, 'パッシブ', '部隊が距離2以下の目標に与える全ダメージが12%【30%】増加する。', 111, 0);
INSERT INTO skills (id, name, color, weapon_restriction, skill_type, description, sort_order, is_delete) VALUES (112, '矢は必中', NULL, '弓のみ', 'パッシブ', '部隊の命中率+6.5【20%】。距離3以下の目標に与える全ダメージが5.5%【19%】増加する（武力補正）', 112, 0);
INSERT INTO skills (id, name, color, weapon_restriction, skill_type, description, sort_order, is_delete) VALUES (113, '帝の親征', NULL, NULL, '連鎖', '通常攻撃後、25%の確率で敵部隊に知攻ダメージ 75%【210%】を与え、さらに敵の怒気を5減少させる。', 113, 0);
INSERT INTO skills (id, name, color, weapon_restriction, skill_type, description, sort_order, is_delete) VALUES (114, '建安の気骨', NULL, NULL, 'パッシブ', '部隊【隣接】範囲に存在する敵部隊1部隊につき、怒気が2秒毎に0.6【1.5】ポイント追加回復し、最大で2秒毎に10ポイントまで追加可能。', 114, 0);
INSERT INTO skills (id, name, color, weapon_restriction, skill_type, description, sort_order, is_delete) VALUES (115, '火牛の陣', NULL, NULL, '怒気技', '主将時に怒気100以上の時、全怒気を消費し、前方【扇形範囲】内の最大3部隊の敵部隊に知攻ダメージ 440%【800%】（怒気補正）を与え、敵部隊が1部隊多いごとにダメージ率が80%減少する。', 115, 0);
INSERT INTO skills (id, name, color, weapon_restriction, skill_type, description, sort_order, is_delete) VALUES (116, '城外拠守', NULL, NULL, 'パッシブ', '部隊が受ける全てのダメージを0.5%【5%】（胆力補正）軽減し、【隣接】に存在する味方または友軍部隊1部隊につき、追加で2.5%【7%】軽減し、最大で11%【20%】まで追加軽減可能', 116, 0);
INSERT INTO skills (id, name, color, weapon_restriction, skill_type, description, sort_order, is_delete) VALUES (117, '鳳撃', NULL, NULL, '能動', '30%の確率で発動し、敵部隊に武攻ダメージ 95%【230％】を与える', 117, 0);
INSERT INTO skills (id, name, color, weapon_restriction, skill_type, description, sort_order, is_delete) VALUES (118, '鳳舞', NULL, NULL, 'パッシブ', '部隊が受ける全ダメージが11%【20%】減少', 118, 0);
INSERT INTO skills (id, name, color, weapon_restriction, skill_type, description, sort_order, is_delete) VALUES (119, '忠智尽くし', NULL, NULL, '能動', '30%の確率で発動し、敵部隊に知攻ダメージ 105%【285％】を与え、自身の知力を20減少させる。2秒間持続', 119, 0);
INSERT INTO skills (id, name, color, weapon_restriction, skill_type, description, sort_order, is_delete) VALUES (120, '王佐の才', NULL, NULL, 'パッシブ', '主将が与える全ダメージが12%【30%】増加します。（知力補正）', 120, 0);
INSERT INTO skills (id, name, color, weapon_restriction, skill_type, description, sort_order, is_delete) VALUES (121, '塞外平定', NULL, NULL, '連鎖', '通常攻撃後、25%の確率で敵部隊に武攻ダメージ 85%【220%】を与える。自身が【連撃】状態の場合、このスキルの発動確率がさらに5%上昇。', 121, 0);
INSERT INTO skills (id, name, color, weapon_restriction, skill_type, description, sort_order, is_delete) VALUES (122, '白馬義従', NULL, '馬のみ', 'パッシブ', '移動速度+10【+46】、部隊が弓兵から受けるダメージが18%【45%】減少する。', 122, 0);
INSERT INTO skills (id, name, color, weapon_restriction, skill_type, description, sort_order, is_delete) VALUES (123, '済世の略', NULL, NULL, 'パッシブ', '自身が通常攻撃を2回行うごとに、自身の武力ｘ13%【40％】の兵力を回復する', 123, 0);
INSERT INTO skills (id, name, color, weapon_restriction, skill_type, description, sort_order, is_delete) VALUES (124, '群雄睥睨', NULL, NULL, 'パッシブ', '部隊が自部隊より高低差が低い敵部隊に対して与える全ダメージが6.5%【20%】増加する（武力補正）', 124, 0);
INSERT INTO skills (id, name, color, weapon_restriction, skill_type, description, sort_order, is_delete) VALUES (125, '軍制厳然', NULL, NULL, 'パッシブ', '部隊が受ける連鎖ダメージが9%【27%】減少する。', 125, 0);
INSERT INTO skills (id, name, color, weapon_restriction, skill_type, description, sort_order, is_delete) VALUES (126, '長駆直入', NULL, NULL, 'パッシブ', '部隊移動中に受ける全てのダメージを12%【30%】（胆力補正）軽減し、【隣接】に敵部隊のみ存在する場合、与える全てのダメージを6%【15%】（武力補正）上昇させる。', 126, 0);
INSERT INTO skills (id, name, color, weapon_restriction, skill_type, description, sort_order, is_delete) VALUES (127, '起死回生', NULL, NULL, '能動', '21%【30%】の確率で発動し、部隊の兵力を一定量回復（回復率65%【200%】知力補正）。兵力が40%未満の場合、回復率がさらに55%【100%】上昇。', 127, 0);
INSERT INTO skills (id, name, color, weapon_restriction, skill_type, description, sort_order, is_delete) VALUES (128, '俗に応じて変ず', NULL, NULL, 'パッシブ', '部隊の回復効果が24%【60%】上昇します（知力補正）', 128, 0);
INSERT INTO skills (id, name, color, weapon_restriction, skill_type, description, sort_order, is_delete) VALUES (129, '屯兵', NULL, NULL, 'パッシブ', '戦闘開始後、2秒ごとに自身の胆力ｘ12.5%【26%】の兵力を回復する。', 129, 0);
INSERT INTO skills (id, name, color, weapon_restriction, skill_type, description, sort_order, is_delete) VALUES (130, '攻守一体', NULL, NULL, 'パッシブ', '部隊が与える全ダメージが5.5%【10%】増加する（武力補正）。受ける全ダメージ5.5%【10%】減少する（胆力補正）', 130, 0);
INSERT INTO skills (id, name, color, weapon_restriction, skill_type, description, sort_order, is_delete) VALUES (131, '狂瀾覆し', NULL, NULL, '能動', '21%【30%】の確率で発動し、敵部隊に武攻ダメージ 80%【170%】を与える。このダメージは敵の23%【50%】胆力を無視。', 131, 0);
INSERT INTO skills (id, name, color, weapon_restriction, skill_type, description, sort_order, is_delete) VALUES (132, '勇猛果敢', NULL, NULL, 'パッシブ', '戦闘開始後、部隊の全武将の武力+5.5【+10】、通常攻撃ダメージが12%【30%】増加する（武力補正）', 132, 0);
INSERT INTO skills (id, name, color, weapon_restriction, skill_type, description, sort_order, is_delete) VALUES (133, '投筆従戎', NULL, NULL, 'パッシブ', '戦闘開始後、自身の武力が基礎知力ｘ8%【26%】増加する。', 133, 0);
INSERT INTO skills (id, name, color, weapon_restriction, skill_type, description, sort_order, is_delete) VALUES (134, '万里の侯', NULL, NULL, 'パッシブ', '部隊の移動速度+33【+60】、孤立した敵部隊に与えるダメージが8.5%【22%】増加する（知力補正）', 134, 0);
INSERT INTO skills (id, name, color, weapon_restriction, skill_type, description, sort_order, is_delete) VALUES (135, '見抜き', NULL, NULL, '能動', '11%【29%】の確率で発動し、部隊に【見抜き】状態を付与し、いずれかのアクティブスキルによるダメージを2秒間受けた後、この状態が解除される。(見抜き：アクティブスキルの被ダメ大幅減少）', 135, 0);
INSERT INTO skills (id, name, color, weapon_restriction, skill_type, description, sort_order, is_delete) VALUES (136, '木石生威', NULL, '兵器のみ', 'パッシブ', '衝車・投石隊の部隊操作時、与える全ダメージが55%【145%】増加する。', 136, 0);
INSERT INTO skills (id, name, color, weapon_restriction, skill_type, description, sort_order, is_delete) VALUES (137, '三軍奮戦', '弓以外', NULL, 'パッシブ', '部隊壊滅時,【円形範囲】内の最大3敵部隊に物理ダメージ 700%【2500%】、100秒以内に兵力50%以上損失時+320%【+950%】。出撃時兵力基準。NPC戦：傷病率-50%/プレイヤー戦：傷病率-5%', 137, 0);
INSERT INTO skills (id, name, color, weapon_restriction, skill_type, description, sort_order, is_delete) VALUES (138, '福将', NULL, NULL, 'パッシブ', '部隊のクリティカル耐性率+21%【48%】（胆力補正）', 138, 0);
INSERT INTO skills (id, name, color, weapon_restriction, skill_type, description, sort_order, is_delete) VALUES (139, '博識多才', NULL, NULL, 'パッシブ', '生産系の内政官を担当すると、該当する基礎資源算出が650【2000】増加する。', 139, 0);
INSERT INTO skills (id, name, color, weapon_restriction, skill_type, description, sort_order, is_delete) VALUES (140, '銅製部品', NULL, '兵器のみ', 'パッシブ', '衝車・投石時、部隊の全武将の武力+22【+40】、胆力+22【+40】', 140, 0);
INSERT INTO skills (id, name, color, weapon_restriction, skill_type, description, sort_order, is_delete) VALUES (141, '敵鋒挫き', NULL, NULL, 'パッシブ', '部隊が受けるアクティブスキルダメージが6%【15%】減少する。', 141, 0);
INSERT INTO skills (id, name, color, weapon_restriction, skill_type, description, sort_order, is_delete) VALUES (142, '堅守の意志', NULL, NULL, 'パッシブ', '部隊の士気減少速度が30%減少し、受けるアクティブスキルのダメージが7%【25%】減少', 142, 0);
INSERT INTO skills (id, name, color, weapon_restriction, skill_type, description, sort_order, is_delete) VALUES (143, '八方馬踏', NULL, NULL, '連鎖', '通常攻撃後、25%の確率で敵部隊に武攻ダメージ 75%【210%】を与える。対象兵種を克服している場合、対象部隊を【治療禁止】状態にし、4秒間持続。', 143, 0);
INSERT INTO skills (id, name, color, weapon_restriction, skill_type, description, sort_order, is_delete) VALUES (144, '遠射', NULL, '弓のみ', 'パッシブ', '自身の部隊は距離3以上の敵部隊に与える全ダメージが4%【13%】増加する。スキルLv10で自身部隊の射程が1増加し、かつ距離3以上の目標を攻撃時、命中率-15%', 144, 0);
INSERT INTO skills (id, name, color, weapon_restriction, skill_type, description, sort_order, is_delete) VALUES (145, '弦鳴雁落', '弓のみ', NULL, '能動', '21%【30%】の確率で発動し、敵部隊に武攻ダメージ 90%【225%】を与える。敵部隊の高度が自身より高い場合、ダメージ率がさらに25%【70%】増加', 145, 0);
INSERT INTO skills (id, name, color, weapon_restriction, skill_type, description, sort_order, is_delete) VALUES (146, '雁射る', NULL, '弓のみ', 'パッシブ', '対象部隊の高さが自身より高い場合、主将のクリティカル率+13%【40%】（武力補正）', 146, 0);
INSERT INTO skills (id, name, color, weapon_restriction, skill_type, description, sort_order, is_delete) VALUES (147, '力借り', NULL, NULL, '能動', '20%【65%】の確率で発動し、部隊内の他の武将を【通常攻撃不可】状態にし、2秒間持続。自身は通常攻撃をもう1回追加で行える。', 147, 0);
INSERT INTO skills (id, name, color, weapon_restriction, skill_type, description, sort_order, is_delete) VALUES (148, '鶏鳴に舞う', NULL, NULL, 'パッシブ', '2秒ごとに部隊のデバフ状態を1つ解除する。戦闘開始後、部隊の全武将は100秒間アクティブスキル発動率が4.5%【9%】増加し、その後は発動率増加効果が失われ、戦闘終了まで継続する。', 148, 0);
INSERT INTO skills (id, name, color, weapon_restriction, skill_type, description, sort_order, is_delete) VALUES (149, '商聖', NULL, NULL, 'パッシブ', '交易官を担当する場合、市場取引の比率が2.5%【7%】増加する。', 149, 0);
INSERT INTO skills (id, name, color, weapon_restriction, skill_type, description, sort_order, is_delete) VALUES (150, '急流勇退', NULL, NULL, 'パッシブ', '戦闘開始後、部隊が与える全ダメージが8.5%【22%】増加（知力補正）、さらに増加しダメージ効果は10秒ごとに1%減少', 150, 0);
INSERT INTO skills (id, name, color, weapon_restriction, skill_type, description, sort_order, is_delete) VALUES (151, '速戦即決', NULL, NULL, '能動', '21%【30%】の確率で発動し、敵部隊に知攻ダメージ 85%【220%】を与える。また、戦闘開始前100秒間、ダメージ率が155%【290%】に上昇。', 151, 0);
INSERT INTO skills (id, name, color, weapon_restriction, skill_type, description, sort_order, is_delete) VALUES (152, '分流合撃', NULL, NULL, 'パッシブ', '主将は行動のたびに42%【60%】の確率で【連撃】状態を2秒間獲得し、さらに連撃を得た場合、副将が与える全ダメージが6.5%【20%】増加。2秒間持続。', 152, 0);
INSERT INTO skills (id, name, color, weapon_restriction, skill_type, description, sort_order, is_delete) VALUES (153, '論戦', NULL, NULL, '能動', '30%の確率で発動し、敵部隊に知攻ダメージ 125%【260%】を与える。15回目以降、このスキルのダメージ率は100%減少し、退場まで持続。', 153, 0);
INSERT INTO skills (id, name, color, weapon_restriction, skill_type, description, sort_order, is_delete) VALUES (154, '一気呵成', NULL, NULL, 'パッシブ', '戦闘開始後、最初の100秒間、部隊が与える全ダメージが11%【20%】増加する（知力補正）、100秒以降は全ダメージが5.5%【10%】増加し、戦闘終了まで持続する（知力補正）', 154, 0);
INSERT INTO skills (id, name, color, weapon_restriction, skill_type, description, sort_order, is_delete) VALUES (155, '金剛', NULL, NULL, 'パッシブ', '部隊が受ける全ダメージが2.4%【6%】減少', 155, 0);
INSERT INTO skills (id, name, color, weapon_restriction, skill_type, description, sort_order, is_delete) VALUES (156, '悪鎮め', NULL, NULL, 'パッシブ', '部隊の連鎖スキル発動確率 +3.5%【+8％】', 156, 0);
INSERT INTO skills (id, name, color, weapon_restriction, skill_type, description, sort_order, is_delete) VALUES (157, '大放談', NULL, NULL, '能動', '30%の確率で発動し、敵軍部隊に知攻ダメージ 65%【200%】を与える。', 157, 0);
INSERT INTO skills (id, name, color, weapon_restriction, skill_type, description, sort_order, is_delete) VALUES (158, '窮地生還', NULL, NULL, 'パッシブ', '部隊兵力が31%【40%】未満の時、移動速度+37【+100】、回復効果が46%【100%】増加する', 158, 0);
INSERT INTO skills (id, name, color, weapon_restriction, skill_type, description, sort_order, is_delete) VALUES (159, '暗殺', NULL, NULL, '能動', '30%の確率で発動し、武攻ダメージ 45%【180】を与え、このダメージは20%の確率でクリティカルになる。', 159, 0);
INSERT INTO skills (id, name, color, weapon_restriction, skill_type, description, sort_order, is_delete) VALUES (160, '図窮の寸鉄', NULL, NULL, 'パッシブ', '戦闘開始後、部隊が与える全ダメージが5%増加し、増加効果は4秒ごとに0.5%ずつ上昇し、最大で6%【15%】（武力補正）まで上昇する。', 160, 0);
INSERT INTO skills (id, name, color, weapon_restriction, skill_type, description, sort_order, is_delete) VALUES (161, '怒斬り', NULL, NULL, '怒気技', '主将担当時、怒気が100以上の際、全怒気を消費し、敵部隊に武攻ダメージ 600%【1050%】（怒気補正）を与える。', 161, 0);
INSERT INTO skills (id, name, color, weapon_restriction, skill_type, description, sort_order, is_delete) VALUES (162, '威名', NULL, NULL, 'パッシブ', '部隊が与える全ダメージが1%【5.5%】上昇、自身の武力が敵軍師より高い場合は効果が2%【11%】上昇', 162, 0);
INSERT INTO skills (id, name, color, weapon_restriction, skill_type, description, sort_order, is_delete) VALUES (163, '旗揚げ', NULL, NULL, '連鎖', '通常攻撃後、25%の確率で敵部隊に武攻ダメージ 60%【195％】を与える。', 163, 0);
INSERT INTO skills (id, name, color, weapon_restriction, skill_type, description, sort_order, is_delete) VALUES (164, '鴻鵠の志', NULL, NULL, 'パッシブ', '部隊が与える通常攻撃ダメージが17%【35%】増加し、兵力が敵部隊より少ない場合は34%【70%】増加となる。', 164, 0);
INSERT INTO skills (id, name, color, weapon_restriction, skill_type, description, sort_order, is_delete) VALUES (165, '機略授く', NULL, NULL, '能動', '35%の確率で発動し、主将が与える全ダメージが13%【40%】上昇、2秒間持続', 165, 0);
INSERT INTO skills (id, name, color, weapon_restriction, skill_type, description, sort_order, is_delete) VALUES (166, '紅箋点兵', NULL, NULL, 'パッシブ', '戦闘開始後、部隊全武将の武力・知力・胆力+6【+15】', 166, 0);
INSERT INTO skills (id, name, color, weapon_restriction, skill_type, description, sort_order, is_delete) VALUES (167, '治療', NULL, NULL, '能動', '30%の確率で発動し、部隊の兵力を一定量回復 110%【200%】知力補正', 167, 0);
INSERT INTO skills (id, name, color, weapon_restriction, skill_type, description, sort_order, is_delete) VALUES (168, '林下の風雅', NULL, NULL, 'パッシブ', '部隊が受ける全ダメージが1%【5.5%】減少し、自身の知力が敵部隊軍師より高い場合は2%【11%】減少となる。', 168, 0);
INSERT INTO skills (id, name, color, weapon_restriction, skill_type, description, sort_order, is_delete) VALUES (169, '直突本陣', NULL, NULL, '能動', '30%の確率で発動し、敵部隊に武攻ダメージ 120%【300%】を与え、【隣接】の敵部隊数＞1かつ隣接に味方または友軍部隊がいない場合、ダメージ率は225%【450%】となる。', 169, 0);
INSERT INTO skills (id, name, color, weapon_restriction, skill_type, description, sort_order, is_delete) VALUES (170, '琴瑟の調べ', NULL, NULL, 'パッシブ', '主将が怒気スキルを発動すると、部隊がダメージ量x 53%【125%】分の兵力を回復する。', 170, 0);

INSERT INTO warrior_skills (warrior_id, skill_id, slot, is_unique) VALUES (1, 1, 1, 1);
INSERT INTO warrior_skills (warrior_id, skill_id, slot, is_unique) VALUES (1, 2, 2, 1);
INSERT INTO warrior_skills (warrior_id, skill_id, slot, is_unique) VALUES (2, 3, 1, 1);
INSERT INTO warrior_skills (warrior_id, skill_id, slot, is_unique) VALUES (2, 4, 2, 1);
INSERT INTO warrior_skills (warrior_id, skill_id, slot, is_unique) VALUES (3, 5, 1, 1);
INSERT INTO warrior_skills (warrior_id, skill_id, slot, is_unique) VALUES (3, 6, 2, 1);
INSERT INTO warrior_skills (warrior_id, skill_id, slot, is_unique) VALUES (4, 7, 1, 1);
INSERT INTO warrior_skills (warrior_id, skill_id, slot, is_unique) VALUES (4, 8, 2, 1);
INSERT INTO warrior_skills (warrior_id, skill_id, slot, is_unique) VALUES (5, 9, 1, 1);
INSERT INTO warrior_skills (warrior_id, skill_id, slot, is_unique) VALUES (5, 10, 2, 1);
INSERT INTO warrior_skills (warrior_id, skill_id, slot, is_unique) VALUES (6, 11, 1, 1);
INSERT INTO warrior_skills (warrior_id, skill_id, slot, is_unique) VALUES (6, 12, 2, 1);
INSERT INTO warrior_skills (warrior_id, skill_id, slot, is_unique) VALUES (7, 13, 1, 1);
INSERT INTO warrior_skills (warrior_id, skill_id, slot, is_unique) VALUES (7, 14, 2, 1);
INSERT INTO warrior_skills (warrior_id, skill_id, slot, is_unique) VALUES (8, 15, 1, 1);
INSERT INTO warrior_skills (warrior_id, skill_id, slot, is_unique) VALUES (8, 16, 2, 1);
INSERT INTO warrior_skills (warrior_id, skill_id, slot, is_unique) VALUES (9, 17, 1, 1);
INSERT INTO warrior_skills (warrior_id, skill_id, slot, is_unique) VALUES (9, 18, 2, 1);
INSERT INTO warrior_skills (warrior_id, skill_id, slot, is_unique) VALUES (10, 19, 1, 1);
INSERT INTO warrior_skills (warrior_id, skill_id, slot, is_unique) VALUES (10, 20, 2, 1);
INSERT INTO warrior_skills (warrior_id, skill_id, slot, is_unique) VALUES (11, 21, 1, 1);
INSERT INTO warrior_skills (warrior_id, skill_id, slot, is_unique) VALUES (11, 22, 2, 1);
INSERT INTO warrior_skills (warrior_id, skill_id, slot, is_unique) VALUES (12, 23, 1, 1);
INSERT INTO warrior_skills (warrior_id, skill_id, slot, is_unique) VALUES (12, 24, 2, 1);
INSERT INTO warrior_skills (warrior_id, skill_id, slot, is_unique) VALUES (13, 25, 1, 1);
INSERT INTO warrior_skills (warrior_id, skill_id, slot, is_unique) VALUES (13, 26, 2, 1);
INSERT INTO warrior_skills (warrior_id, skill_id, slot, is_unique) VALUES (14, 27, 1, 1);
INSERT INTO warrior_skills (warrior_id, skill_id, slot, is_unique) VALUES (14, 28, 2, 1);
INSERT INTO warrior_skills (warrior_id, skill_id, slot, is_unique) VALUES (15, 29, 1, 1);
INSERT INTO warrior_skills (warrior_id, skill_id, slot, is_unique) VALUES (15, 30, 2, 1);
INSERT INTO warrior_skills (warrior_id, skill_id, slot, is_unique) VALUES (16, 31, 1, 1);
INSERT INTO warrior_skills (warrior_id, skill_id, slot, is_unique) VALUES (16, 32, 2, 1);
INSERT INTO warrior_skills (warrior_id, skill_id, slot, is_unique) VALUES (17, 33, 1, 1);
INSERT INTO warrior_skills (warrior_id, skill_id, slot, is_unique) VALUES (17, 34, 2, 1);
INSERT INTO warrior_skills (warrior_id, skill_id, slot, is_unique) VALUES (18, 35, 1, 1);
INSERT INTO warrior_skills (warrior_id, skill_id, slot, is_unique) VALUES (18, 36, 2, 1);
INSERT INTO warrior_skills (warrior_id, skill_id, slot, is_unique) VALUES (19, 37, 1, 1);
INSERT INTO warrior_skills (warrior_id, skill_id, slot, is_unique) VALUES (19, 38, 2, 1);
INSERT INTO warrior_skills (warrior_id, skill_id, slot, is_unique) VALUES (20, 39, 1, 1);
INSERT INTO warrior_skills (warrior_id, skill_id, slot, is_unique) VALUES (20, 40, 2, 1);
INSERT INTO warrior_skills (warrior_id, skill_id, slot, is_unique) VALUES (21, 41, 1, 1);
INSERT INTO warrior_skills (warrior_id, skill_id, slot, is_unique) VALUES (21, 42, 2, 1);
INSERT INTO warrior_skills (warrior_id, skill_id, slot, is_unique) VALUES (22, 43, 1, 1);
INSERT INTO warrior_skills (warrior_id, skill_id, slot, is_unique) VALUES (22, 44, 2, 1);
INSERT INTO warrior_skills (warrior_id, skill_id, slot, is_unique) VALUES (23, 45, 1, 1);
INSERT INTO warrior_skills (warrior_id, skill_id, slot, is_unique) VALUES (23, 46, 2, 1);
INSERT INTO warrior_skills (warrior_id, skill_id, slot, is_unique) VALUES (24, 47, 1, 1);
INSERT INTO warrior_skills (warrior_id, skill_id, slot, is_unique) VALUES (24, 48, 2, 1);
INSERT INTO warrior_skills (warrior_id, skill_id, slot, is_unique) VALUES (25, 49, 1, 1);
INSERT INTO warrior_skills (warrior_id, skill_id, slot, is_unique) VALUES (25, 50, 2, 1);
INSERT INTO warrior_skills (warrior_id, skill_id, slot, is_unique) VALUES (26, 51, 1, 1);
INSERT INTO warrior_skills (warrior_id, skill_id, slot, is_unique) VALUES (26, 52, 2, 1);
INSERT INTO warrior_skills (warrior_id, skill_id, slot, is_unique) VALUES (27, 53, 1, 1);
INSERT INTO warrior_skills (warrior_id, skill_id, slot, is_unique) VALUES (27, 54, 2, 1);
INSERT INTO warrior_skills (warrior_id, skill_id, slot, is_unique) VALUES (28, 56, 2, 1);
INSERT INTO warrior_skills (warrior_id, skill_id, slot, is_unique) VALUES (28, 169, 1, 1);
INSERT INTO warrior_skills (warrior_id, skill_id, slot, is_unique) VALUES (29, 57, 1, 1);
INSERT INTO warrior_skills (warrior_id, skill_id, slot, is_unique) VALUES (29, 58, 2, 1);
INSERT INTO warrior_skills (warrior_id, skill_id, slot, is_unique) VALUES (30, 59, 1, 1);
INSERT INTO warrior_skills (warrior_id, skill_id, slot, is_unique) VALUES (30, 60, 2, 1);
INSERT INTO warrior_skills (warrior_id, skill_id, slot, is_unique) VALUES (31, 61, 1, 1);
INSERT INTO warrior_skills (warrior_id, skill_id, slot, is_unique) VALUES (31, 62, 2, 1);
INSERT INTO warrior_skills (warrior_id, skill_id, slot, is_unique) VALUES (32, 63, 1, 1);
INSERT INTO warrior_skills (warrior_id, skill_id, slot, is_unique) VALUES (32, 64, 2, 1);
INSERT INTO warrior_skills (warrior_id, skill_id, slot, is_unique) VALUES (33, 65, 1, 1);
INSERT INTO warrior_skills (warrior_id, skill_id, slot, is_unique) VALUES (33, 66, 2, 1);
INSERT INTO warrior_skills (warrior_id, skill_id, slot, is_unique) VALUES (34, 67, 1, 1);
INSERT INTO warrior_skills (warrior_id, skill_id, slot, is_unique) VALUES (34, 68, 2, 1);
INSERT INTO warrior_skills (warrior_id, skill_id, slot, is_unique) VALUES (35, 69, 1, 1);
INSERT INTO warrior_skills (warrior_id, skill_id, slot, is_unique) VALUES (35, 70, 2, 1);
INSERT INTO warrior_skills (warrior_id, skill_id, slot, is_unique) VALUES (36, 71, 1, 1);
INSERT INTO warrior_skills (warrior_id, skill_id, slot, is_unique) VALUES (36, 72, 2, 1);
INSERT INTO warrior_skills (warrior_id, skill_id, slot, is_unique) VALUES (37, 73, 1, 1);
INSERT INTO warrior_skills (warrior_id, skill_id, slot, is_unique) VALUES (37, 74, 2, 1);
INSERT INTO warrior_skills (warrior_id, skill_id, slot, is_unique) VALUES (38, 75, 1, 1);
INSERT INTO warrior_skills (warrior_id, skill_id, slot, is_unique) VALUES (38, 76, 2, 1);
INSERT INTO warrior_skills (warrior_id, skill_id, slot, is_unique) VALUES (39, 77, 1, 1);
INSERT INTO warrior_skills (warrior_id, skill_id, slot, is_unique) VALUES (39, 78, 2, 1);
INSERT INTO warrior_skills (warrior_id, skill_id, slot, is_unique) VALUES (40, 79, 1, 1);
INSERT INTO warrior_skills (warrior_id, skill_id, slot, is_unique) VALUES (40, 80, 2, 1);
INSERT INTO warrior_skills (warrior_id, skill_id, slot, is_unique) VALUES (41, 82, 2, 1);
INSERT INTO warrior_skills (warrior_id, skill_id, slot, is_unique) VALUES (41, 170, 1, 1);
INSERT INTO warrior_skills (warrior_id, skill_id, slot, is_unique) VALUES (42, 83, 1, 1);
INSERT INTO warrior_skills (warrior_id, skill_id, slot, is_unique) VALUES (42, 84, 2, 1);
INSERT INTO warrior_skills (warrior_id, skill_id, slot, is_unique) VALUES (43, 85, 1, 1);
INSERT INTO warrior_skills (warrior_id, skill_id, slot, is_unique) VALUES (43, 86, 2, 1);
INSERT INTO warrior_skills (warrior_id, skill_id, slot, is_unique) VALUES (44, 87, 1, 1);
INSERT INTO warrior_skills (warrior_id, skill_id, slot, is_unique) VALUES (44, 88, 2, 1);
INSERT INTO warrior_skills (warrior_id, skill_id, slot, is_unique) VALUES (45, 89, 1, 1);
INSERT INTO warrior_skills (warrior_id, skill_id, slot, is_unique) VALUES (45, 90, 2, 1);
INSERT INTO warrior_skills (warrior_id, skill_id, slot, is_unique) VALUES (46, 91, 1, 1);
INSERT INTO warrior_skills (warrior_id, skill_id, slot, is_unique) VALUES (46, 92, 2, 1);
INSERT INTO warrior_skills (warrior_id, skill_id, slot, is_unique) VALUES (47, 93, 1, 1);
INSERT INTO warrior_skills (warrior_id, skill_id, slot, is_unique) VALUES (47, 94, 2, 1);
INSERT INTO warrior_skills (warrior_id, skill_id, slot, is_unique) VALUES (48, 95, 1, 1);
INSERT INTO warrior_skills (warrior_id, skill_id, slot, is_unique) VALUES (48, 96, 2, 1);
INSERT INTO warrior_skills (warrior_id, skill_id, slot, is_unique) VALUES (49, 97, 1, 1);
INSERT INTO warrior_skills (warrior_id, skill_id, slot, is_unique) VALUES (49, 98, 2, 1);
INSERT INTO warrior_skills (warrior_id, skill_id, slot, is_unique) VALUES (50, 99, 1, 1);
INSERT INTO warrior_skills (warrior_id, skill_id, slot, is_unique) VALUES (50, 100, 2, 1);
INSERT INTO warrior_skills (warrior_id, skill_id, slot, is_unique) VALUES (51, 101, 1, 1);
INSERT INTO warrior_skills (warrior_id, skill_id, slot, is_unique) VALUES (51, 102, 2, 1);
INSERT INTO warrior_skills (warrior_id, skill_id, slot, is_unique) VALUES (52, 103, 1, 1);
INSERT INTO warrior_skills (warrior_id, skill_id, slot, is_unique) VALUES (52, 104, 2, 1);
INSERT INTO warrior_skills (warrior_id, skill_id, slot, is_unique) VALUES (53, 105, 1, 1);
INSERT INTO warrior_skills (warrior_id, skill_id, slot, is_unique) VALUES (53, 106, 2, 1);
INSERT INTO warrior_skills (warrior_id, skill_id, slot, is_unique) VALUES (56, 107, 1, 1);
INSERT INTO warrior_skills (warrior_id, skill_id, slot, is_unique) VALUES (56, 108, 2, 1);
INSERT INTO warrior_skills (warrior_id, skill_id, slot, is_unique) VALUES (57, 109, 1, 1);
INSERT INTO warrior_skills (warrior_id, skill_id, slot, is_unique) VALUES (57, 110, 2, 1);
INSERT INTO warrior_skills (warrior_id, skill_id, slot, is_unique) VALUES (58, 111, 1, 1);
INSERT INTO warrior_skills (warrior_id, skill_id, slot, is_unique) VALUES (58, 112, 2, 1);
INSERT INTO warrior_skills (warrior_id, skill_id, slot, is_unique) VALUES (59, 113, 1, 1);
INSERT INTO warrior_skills (warrior_id, skill_id, slot, is_unique) VALUES (59, 114, 2, 1);
INSERT INTO warrior_skills (warrior_id, skill_id, slot, is_unique) VALUES (60, 115, 1, 1);
INSERT INTO warrior_skills (warrior_id, skill_id, slot, is_unique) VALUES (60, 116, 2, 1);
INSERT INTO warrior_skills (warrior_id, skill_id, slot, is_unique) VALUES (61, 117, 1, 1);
INSERT INTO warrior_skills (warrior_id, skill_id, slot, is_unique) VALUES (61, 118, 2, 1);
INSERT INTO warrior_skills (warrior_id, skill_id, slot, is_unique) VALUES (62, 119, 1, 1);
INSERT INTO warrior_skills (warrior_id, skill_id, slot, is_unique) VALUES (62, 120, 2, 1);
INSERT INTO warrior_skills (warrior_id, skill_id, slot, is_unique) VALUES (63, 121, 1, 1);
INSERT INTO warrior_skills (warrior_id, skill_id, slot, is_unique) VALUES (63, 122, 2, 1);
INSERT INTO warrior_skills (warrior_id, skill_id, slot, is_unique) VALUES (64, 123, 1, 1);
INSERT INTO warrior_skills (warrior_id, skill_id, slot, is_unique) VALUES (64, 124, 2, 1);
INSERT INTO warrior_skills (warrior_id, skill_id, slot, is_unique) VALUES (65, 125, 1, 1);
INSERT INTO warrior_skills (warrior_id, skill_id, slot, is_unique) VALUES (65, 126, 2, 1);
INSERT INTO warrior_skills (warrior_id, skill_id, slot, is_unique) VALUES (66, 127, 1, 1);
INSERT INTO warrior_skills (warrior_id, skill_id, slot, is_unique) VALUES (66, 128, 2, 1);
INSERT INTO warrior_skills (warrior_id, skill_id, slot, is_unique) VALUES (67, 129, 1, 1);
INSERT INTO warrior_skills (warrior_id, skill_id, slot, is_unique) VALUES (67, 130, 2, 1);
INSERT INTO warrior_skills (warrior_id, skill_id, slot, is_unique) VALUES (68, 131, 1, 1);
INSERT INTO warrior_skills (warrior_id, skill_id, slot, is_unique) VALUES (68, 132, 2, 1);
INSERT INTO warrior_skills (warrior_id, skill_id, slot, is_unique) VALUES (69, 133, 1, 1);
INSERT INTO warrior_skills (warrior_id, skill_id, slot, is_unique) VALUES (69, 134, 2, 1);
INSERT INTO warrior_skills (warrior_id, skill_id, slot, is_unique) VALUES (70, 135, 1, 1);
INSERT INTO warrior_skills (warrior_id, skill_id, slot, is_unique) VALUES (70, 136, 2, 1);
INSERT INTO warrior_skills (warrior_id, skill_id, slot, is_unique) VALUES (71, 137, 1, 1);
INSERT INTO warrior_skills (warrior_id, skill_id, slot, is_unique) VALUES (71, 138, 2, 1);
INSERT INTO warrior_skills (warrior_id, skill_id, slot, is_unique) VALUES (72, 139, 1, 1);
INSERT INTO warrior_skills (warrior_id, skill_id, slot, is_unique) VALUES (72, 140, 2, 1);
INSERT INTO warrior_skills (warrior_id, skill_id, slot, is_unique) VALUES (73, 141, 1, 1);
INSERT INTO warrior_skills (warrior_id, skill_id, slot, is_unique) VALUES (73, 142, 2, 1);
INSERT INTO warrior_skills (warrior_id, skill_id, slot, is_unique) VALUES (74, 143, 1, 1);
INSERT INTO warrior_skills (warrior_id, skill_id, slot, is_unique) VALUES (74, 144, 2, 1);
INSERT INTO warrior_skills (warrior_id, skill_id, slot, is_unique) VALUES (75, 145, 1, 1);
INSERT INTO warrior_skills (warrior_id, skill_id, slot, is_unique) VALUES (75, 146, 2, 1);
INSERT INTO warrior_skills (warrior_id, skill_id, slot, is_unique) VALUES (76, 147, 1, 1);
INSERT INTO warrior_skills (warrior_id, skill_id, slot, is_unique) VALUES (76, 148, 2, 1);
INSERT INTO warrior_skills (warrior_id, skill_id, slot, is_unique) VALUES (77, 149, 1, 1);
INSERT INTO warrior_skills (warrior_id, skill_id, slot, is_unique) VALUES (77, 150, 2, 1);
INSERT INTO warrior_skills (warrior_id, skill_id, slot, is_unique) VALUES (78, 151, 1, 1);
INSERT INTO warrior_skills (warrior_id, skill_id, slot, is_unique) VALUES (78, 152, 2, 1);
INSERT INTO warrior_skills (warrior_id, skill_id, slot, is_unique) VALUES (79, 153, 1, 1);
INSERT INTO warrior_skills (warrior_id, skill_id, slot, is_unique) VALUES (79, 154, 2, 1);
INSERT INTO warrior_skills (warrior_id, skill_id, slot, is_unique) VALUES (82, 155, 1, 1);
INSERT INTO warrior_skills (warrior_id, skill_id, slot, is_unique) VALUES (82, 156, 2, 1);
INSERT INTO warrior_skills (warrior_id, skill_id, slot, is_unique) VALUES (83, 157, 1, 1);
INSERT INTO warrior_skills (warrior_id, skill_id, slot, is_unique) VALUES (83, 158, 2, 1);
INSERT INTO warrior_skills (warrior_id, skill_id, slot, is_unique) VALUES (84, 159, 1, 1);
INSERT INTO warrior_skills (warrior_id, skill_id, slot, is_unique) VALUES (84, 160, 2, 1);
INSERT INTO warrior_skills (warrior_id, skill_id, slot, is_unique) VALUES (85, 161, 1, 1);
INSERT INTO warrior_skills (warrior_id, skill_id, slot, is_unique) VALUES (85, 162, 2, 1);
INSERT INTO warrior_skills (warrior_id, skill_id, slot, is_unique) VALUES (86, 163, 1, 1);
INSERT INTO warrior_skills (warrior_id, skill_id, slot, is_unique) VALUES (86, 164, 2, 1);
INSERT INTO warrior_skills (warrior_id, skill_id, slot, is_unique) VALUES (87, 165, 1, 1);
INSERT INTO warrior_skills (warrior_id, skill_id, slot, is_unique) VALUES (87, 166, 2, 1);
INSERT INTO warrior_skills (warrior_id, skill_id, slot, is_unique) VALUES (88, 167, 1, 1);
INSERT INTO warrior_skills (warrior_id, skill_id, slot, is_unique) VALUES (88, 168, 2, 1);

