-- BATCH: 1
-- RANGE: warriors 1-30
-- GENERATED_AT: 2026-03-26

-- Warriors Batch1 (先頭30件)
INSERT OR IGNORE INTO warriors (id, name, reading, rarity, cost, atk, int, guts, pol, atk_growth, int_growth, guts_growth, pol_growth, era, biography, sort_order) VALUES (1, '呂布', 'リョフ', 5, 7, 164, 65, 122, 42, 3.37, 0.33, 2.24, 0.24, '三国時代', '後漢末の武将。董卓に仕えたのち自立するが、曹操に敗れ処刑された。武勇で名高い。', 1);
INSERT OR IGNORE INTO warriors (id, name, reading, rarity, cost, atk, int, guts, pol, atk_growth, int_growth, guts_growth, pol_growth, era, biography, sort_order) VALUES (2, '張巡', 'チョウジュン', 5, 7, 93, 122, 140, 86, 1.18, 1.94, 2.65, 1.57, '唐', '唐の武将。安史の乱で睢陽を守り抜き、徹底抗戦して忠義を示した。', 2);
INSERT OR IGNORE INTO warriors (id, name, reading, rarity, cost, atk, int, guts, pol, atk_growth, int_growth, guts_growth, pol_growth, era, biography, sort_order) VALUES (3, '趙雲', 'チョウウン', 5, 7, 144, 87, 105, 59, 2.76, 0.96, 1.8, 0.71, '三国時代', '三国時代の蜀の武将。劉備に仕え、長坂坡で単騎奮戦し名声を得た。', 3);
INSERT OR IGNORE INTO warriors (id, name, reading, rarity, cost, atk, int, guts, pol, atk_growth, int_growth, guts_growth, pol_growth, era, biography, sort_order) VALUES (4, '岳飛', 'ガクヒ', 5, 7, 150, 93, 108, 60, 2.92, 1.12, 1.71, 0.7, '南宋', '南宋の名将。金と戦い連戦連勝するが、秦檜の讒言で処刑された忠臣。', 4);
INSERT OR IGNORE INTO warriors (id, name, reading, rarity, cost, atk, int, guts, pol, atk_growth, int_growth, guts_growth, pol_growth, era, biography, sort_order) VALUES (5, '蘇定方', 'ソテイホウ', 5, 7, 130, 94, 118, 65, 2.53, 1.18, 2.04, 0.86, '唐', '唐の名将。高句麗・百済遠征で活躍し、唐の版図拡大に貢献した。', 5);
INSERT OR IGNORE INTO warriors (id, name, reading, rarity, cost, atk, int, guts, pol, atk_growth, int_growth, guts_growth, pol_growth, era, biography, sort_order) VALUES (6, '后羿', 'コウゲイ', 5, 7, 145, 70, 97, 52, 2.65, 0.71, 1.73, 0.66, '神話時代', '古代神話の英雄。九つの太陽を射落としたと伝わる伝説的弓の名手。', 6);
INSERT OR IGNORE INTO warriors (id, name, reading, rarity, cost, atk, int, guts, pol, atk_growth, int_growth, guts_growth, pol_growth, era, biography, sort_order) VALUES (7, '孫武', 'ソンブ', 5, 7, 91, 148, 110, 96, 1.02, 2.71, 1.84, 1.89, '春秋時代', '春秋時代の兵法家。『孫子』を著し、呉王に仕えて軍制改革を行った。', 7);
INSERT OR IGNORE INTO warriors (id, name, reading, rarity, cost, atk, int, guts, pol, atk_growth, int_growth, guts_growth, pol_growth, era, biography, sort_order) VALUES (8, '楊戩', 'ヨウセン', 5, 7, 126, 126, 100, 76, 2.0, 2.0, 1.71, 1.3, '神話（道教）', '道教神話の神。二郎真君とも呼ばれ、妖魔退治の英雄として信仰される。', 8);
INSERT OR IGNORE INTO warriors (id, name, reading, rarity, cost, atk, int, guts, pol, atk_growth, int_growth, guts_growth, pol_growth, era, biography, sort_order) VALUES (9, '陸遜', 'リクソン', 5, 7, 84, 154, 108, 100, 0.88, 3.0, 2.04, 2.04, '三国時代', '三国時代の呉の名将。夷陵の戦いで劉備軍を破り大勝した。', 9);
INSERT OR IGNORE INTO warriors (id, name, reading, rarity, cost, atk, int, guts, pol, atk_growth, int_growth, guts_growth, pol_growth, era, biography, sort_order) VALUES (10, '梁紅玉', 'リョウコウギョク', 5, 6, 124, 86, 114, 97, 2.37, 1.1, 2.1, 1.92, '南宋', '南宋の女将。韓世忠の妻で、金軍との戦いで鼓を打ち士気を高めた。', 10);
INSERT OR IGNORE INTO warriors (id, name, reading, rarity, cost, atk, int, guts, pol, atk_growth, int_growth, guts_growth, pol_growth, era, biography, sort_order) VALUES (11, '典韋', 'テンイ', 5, 6, 131, 72, 124, 53, 2.14, 0.61, 2.49, 0.62, '三国時代', '三国時代の魏の武将。曹操を守って戦死し、豪勇で知られる。', 11);
INSERT OR IGNORE INTO warriors (id, name, reading, rarity, cost, atk, int, guts, pol, atk_growth, int_growth, guts_growth, pol_growth, era, biography, sort_order) VALUES (12, '于謙', 'ウケン', 5, 6, 88, 127, 131, 90, 1.06, 1.92, 2.41, 1.6, '明', '明の政治家。土木の変後に北京を守り、国家再建に尽力した忠臣。', 12);
INSERT OR IGNORE INTO warriors (id, name, reading, rarity, cost, atk, int, guts, pol, atk_growth, int_growth, guts_growth, pol_growth, era, biography, sort_order) VALUES (13, '伍子胥', 'ゴシショ', 5, 6, 121, 98, 119, 68, 2.12, 1.06, 2.2, 0.93, '春秋時代', '春秋時代の呉の重臣。父兄の仇を討ち、呉を強国へ導いた。', 13);
INSERT OR IGNORE INTO warriors (id, name, reading, rarity, cost, atk, int, guts, pol, atk_growth, int_growth, guts_growth, pol_growth, era, biography, sort_order) VALUES (14, '賈詡', 'カク', 5, 6, 70, 142, 109, 103, 0.65, 2.59, 2.04, 2.0, '三国時代', '三国時代の魏の謀士。的確な献策で曹操を補佐した知将。', 14);
INSERT OR IGNORE INTO warriors (id, name, reading, rarity, cost, atk, int, guts, pol, atk_growth, int_growth, guts_growth, pol_growth, era, biography, sort_order) VALUES (15, '常遇春', 'ジョウグウシュン', 5, 6, 135, 73, 104, 59, 2.45, 0.88, 1.94, 0.79, '明', '明建国の功臣。朱元璋に従い各地を平定した猛将。', 15);
INSERT OR IGNORE INTO warriors (id, name, reading, rarity, cost, atk, int, guts, pol, atk_growth, int_growth, guts_growth, pol_growth, era, biography, sort_order) VALUES (16, '廉頗', 'レンパ', 5, 6, 119, 100, 119, 69, 1.73, 1.16, 1.84, 1.1, '春秋時代', '戦国時代の趙の名将。長平以前の名将で藺相如との和解も有名。', 16);
INSERT OR IGNORE INTO warriors (id, name, reading, rarity, cost, atk, int, guts, pol, atk_growth, int_growth, guts_growth, pol_growth, era, biography, sort_order) VALUES (17, '秦瓊', 'シンケイ', 5, 6, 133, 80, 107, 60, 2.39, 1.0, 2.08, 0.85, '唐', '唐建国の功臣。勇猛な武将として凌煙閣二十四功臣に列せられた。', 17);
INSERT OR IGNORE INTO warriors (id, name, reading, rarity, cost, atk, int, guts, pol, atk_growth, int_growth, guts_growth, pol_growth, era, biography, sort_order) VALUES (18, '樊噲', 'ケンカイ', 5, 6, 131, 76, 113, 57, 2.31, 0.78, 1.94, 0.76, '前漢初期', '前漢初期の武将。劉邦を助け楚漢戦争で活躍した豪勇の士。', 18);
INSERT OR IGNORE INTO warriors (id, name, reading, rarity, cost, atk, int, guts, pol, atk_growth, int_growth, guts_growth, pol_growth, era, biography, sort_order) VALUES (19, '王彦章', 'オウゲンショウ', 5, 6, 132, 80, 102, 60, 2.45, 0.84, 1.76, 0.77, '五代十国', '五代十国の後梁の武将。勇猛で晋軍と戦った。', 19);
INSERT OR IGNORE INTO warriors (id, name, reading, rarity, cost, atk, int, guts, pol, atk_growth, int_growth, guts_growth, pol_growth, era, biography, sort_order) VALUES (20, '冉閔', 'ゼンビン', 5, 6, 129, 79, 111, 61, 2.35, 0.86, 2.1, 0.81, '五胡十六国', '五胡十六国時代の君主。胡漢対立の中で漢人政権を樹立した。', 20);
INSERT OR IGNORE INTO warriors (id, name, reading, rarity, cost, atk, int, guts, pol, atk_growth, int_growth, guts_growth, pol_growth, era, biography, sort_order) VALUES (21, '龐統', 'ホウトウ', 5, 6, 72, 141, 108, 100, 0.27, 2.55, 2.14, 2.1, '三国時代', '三国時代の蜀の軍師。鳳雛と称されるが落鳳坡で戦死。', 21);
INSERT OR IGNORE INTO warriors (id, name, reading, rarity, cost, atk, int, guts, pol, atk_growth, int_growth, guts_growth, pol_growth, era, biography, sort_order) VALUES (22, '黄忠', 'コウチュウ', 5, 6, 131, 78, 95, 60, 2.16, 0.71, 1.31, 0.83, '三国時代', '三国時代の蜀の老将。定軍山で夏侯淵を討ち名を上げた。', 22);
INSERT OR IGNORE INTO warriors (id, name, reading, rarity, cost, atk, int, guts, pol, atk_growth, int_growth, guts_growth, pol_growth, era, biography, sort_order) VALUES (23, '華佗', 'カダ', 5, 6, 84, 130, 110, 92, 1.08, 2.27, 1.96, 1.72, '三国時代', '後漢末の名医。麻沸散を用いた外科手術で知られる。', 23);
INSERT OR IGNORE INTO warriors (id, name, reading, rarity, cost, atk, int, guts, pol, atk_growth, int_growth, guts_growth, pol_growth, era, biography, sort_order) VALUES (24, '呂雉', 'リョチ', 5, 6, 60, 138, 96, 103, 0.55, 2.67, 1.92, 2.04, '前漢初期', '前漢初期の皇后。劉邦死後に実権を握った。', 24);
INSERT OR IGNORE INTO warriors (id, name, reading, rarity, cost, atk, int, guts, pol, atk_growth, int_growth, guts_growth, pol_growth, era, biography, sort_order) VALUES (25, '李広', 'リコウ', 5, 6, 136, 82, 98, 60, 2.51, 0.51, 1.22, 0.64, '前漢', '前漢の名将。匈奴討伐で勇名を馳せた飛将軍。', 25);
INSERT OR IGNORE INTO warriors (id, name, reading, rarity, cost, atk, int, guts, pol, atk_growth, int_growth, guts_growth, pol_growth, era, biography, sort_order) VALUES (26, '李存孝', 'リソンコウ', 5, 6, 146, 67, 98, 50, 2.8, 0.57, 1.65, 0.48, '五代十国', '五代十国の猛将。李克用に仕えた豪勇で伝説的存在。', 26);
INSERT OR IGNORE INTO warriors (id, name, reading, rarity, cost, atk, int, guts, pol, atk_growth, int_growth, guts_growth, pol_growth, era, biography, sort_order) VALUES (27, '趙匡胤', 'チョウキョウイン', 5, 6, 129, 91, 102, 62, 2.35, 1.02, 1.55, 0.83, '北宋建国期', '北宋の初代皇帝。陳橋の変で即位し宋を建国。', 27);
INSERT OR IGNORE INTO warriors (id, name, reading, rarity, cost, atk, int, guts, pol, atk_growth, int_growth, guts_growth, pol_growth, era, biography, sort_order) VALUES (28, '衛青', 'エンセイ', 5, 6, 132, 88, 108, 62, 2.47, 0.92, 1.8, 0.72, '前漢', '前漢の名将。匈奴を討ち武帝の信任を得た。', 28);
INSERT OR IGNORE INTO warriors (id, name, reading, rarity, cost, atk, int, guts, pol, atk_growth, int_growth, guts_growth, pol_growth, era, biography, sort_order) VALUES (29, '戚継光', 'セキケイコウ', 5, 6, 132, 88, 100, 63, 2.53, 1.08, 1.41, 0.83, '明', '明の名将。倭寇討伐と軍制改革で功績を挙げた。', 29);
INSERT OR IGNORE INTO warriors (id, name, reading, rarity, cost, atk, int, guts, pol, atk_growth, int_growth, guts_growth, pol_growth, era, biography, sort_order) VALUES (30, '穆桂英', 'ボクケイエイ', 5, 6, 130, 87, 92, 62, 2.65, 0.8, 1.27, 0.72, '北宋（伝説）', '北宋伝説の女将。楊家将物語で活躍する英雄。', 30);

-- Weapon Aptitudes (30×4=120件)
INSERT OR IGNORE INTO weapon_aptitudes (warrior_id, weapon_type, aptitude) VALUES (1, '刀', '良');
INSERT OR IGNORE INTO weapon_aptitudes (warrior_id, weapon_type, aptitude) VALUES (1, '馬', '極');
INSERT OR IGNORE INTO weapon_aptitudes (warrior_id, weapon_type, aptitude) VALUES (1, '弓', '極');
INSERT OR IGNORE INTO weapon_aptitudes (warrior_id, weapon_type, aptitude) VALUES (1, '槍', '極');
INSERT OR IGNORE INTO weapon_aptitudes (warrior_id, weapon_type, aptitude) VALUES (2, '刀', '極');
INSERT OR IGNORE INTO weapon_aptitudes (warrior_id, weapon_type, aptitude) VALUES (2, '馬', '優');
INSERT OR IGNORE INTO weapon_aptitudes (warrior_id, weapon_type, aptitude) VALUES (2, '弓', '凡');
INSERT OR IGNORE INTO weapon_aptitudes (warrior_id, weapon_type, aptitude) VALUES (2, '槍', '良');
INSERT OR IGNORE INTO weapon_aptitudes (warrior_id, weapon_type, aptitude) VALUES (3, '刀', '良');
INSERT OR IGNORE INTO weapon_aptitudes (warrior_id, weapon_type, aptitude) VALUES (3, '馬', '極');
INSERT OR IGNORE INTO weapon_aptitudes (warrior_id, weapon_type, aptitude) VALUES (3, '弓', '良');
INSERT OR IGNORE INTO weapon_aptitudes (warrior_id, weapon_type, aptitude) VALUES (3, '槍', '極');
INSERT OR IGNORE INTO weapon_aptitudes (warrior_id, weapon_type, aptitude) VALUES (4, '刀', '良');
INSERT OR IGNORE INTO weapon_aptitudes (warrior_id, weapon_type, aptitude) VALUES (4, '馬', '優');
INSERT OR IGNORE INTO weapon_aptitudes (warrior_id, weapon_type, aptitude) VALUES (4, '弓', '優');
INSERT OR IGNORE INTO weapon_aptitudes (warrior_id, weapon_type, aptitude) VALUES (4, '槍', '極');
INSERT OR IGNORE INTO weapon_aptitudes (warrior_id, weapon_type, aptitude) VALUES (5, '刀', '優');
INSERT OR IGNORE INTO weapon_aptitudes (warrior_id, weapon_type, aptitude) VALUES (5, '馬', '極');
INSERT OR IGNORE INTO weapon_aptitudes (warrior_id, weapon_type, aptitude) VALUES (5, '弓', '良');
INSERT OR IGNORE INTO weapon_aptitudes (warrior_id, weapon_type, aptitude) VALUES (5, '槍', '良');
INSERT OR IGNORE INTO weapon_aptitudes (warrior_id, weapon_type, aptitude) VALUES (6, '刀', '良');
INSERT OR IGNORE INTO weapon_aptitudes (warrior_id, weapon_type, aptitude) VALUES (6, '馬', '凡');
INSERT OR IGNORE INTO weapon_aptitudes (warrior_id, weapon_type, aptitude) VALUES (6, '弓', '極');
INSERT OR IGNORE INTO weapon_aptitudes (warrior_id, weapon_type, aptitude) VALUES (6, '槍', '良');
INSERT OR IGNORE INTO weapon_aptitudes (warrior_id, weapon_type, aptitude) VALUES (7, '刀', '極');
INSERT OR IGNORE INTO weapon_aptitudes (warrior_id, weapon_type, aptitude) VALUES (7, '馬', '優');
INSERT OR IGNORE INTO weapon_aptitudes (warrior_id, weapon_type, aptitude) VALUES (7, '弓', '優');
INSERT OR IGNORE INTO weapon_aptitudes (warrior_id, weapon_type, aptitude) VALUES (7, '槍', '極');
INSERT OR IGNORE INTO weapon_aptitudes (warrior_id, weapon_type, aptitude) VALUES (8, '刀', '優');
INSERT OR IGNORE INTO weapon_aptitudes (warrior_id, weapon_type, aptitude) VALUES (8, '馬', '極');
INSERT OR IGNORE INTO weapon_aptitudes (warrior_id, weapon_type, aptitude) VALUES (8, '弓', '良');
INSERT OR IGNORE INTO weapon_aptitudes (warrior_id, weapon_type, aptitude) VALUES (8, '槍', '極');
INSERT OR IGNORE INTO weapon_aptitudes (warrior_id, weapon_type, aptitude) VALUES (9, '刀', '極');
INSERT OR IGNORE INTO weapon_aptitudes (warrior_id, weapon_type, aptitude) VALUES (9, '馬', '良');
INSERT OR IGNORE INTO weapon_aptitudes (warrior_id, weapon_type, aptitude) VALUES (9, '弓', '下');
INSERT OR IGNORE INTO weapon_aptitudes (warrior_id, weapon_type, aptitude) VALUES (9, '槍', '優');
INSERT OR IGNORE INTO weapon_aptitudes (warrior_id, weapon_type, aptitude) VALUES (10, '刀', '極');
INSERT OR IGNORE INTO weapon_aptitudes (warrior_id, weapon_type, aptitude) VALUES (10, '馬', '良');
INSERT OR IGNORE INTO weapon_aptitudes (warrior_id, weapon_type, aptitude) VALUES (10, '弓', '凡');
INSERT OR IGNORE INTO weapon_aptitudes (warrior_id, weapon_type, aptitude) VALUES (10, '槍', '優');
INSERT OR IGNORE INTO weapon_aptitudes (warrior_id, weapon_type, aptitude) VALUES (11, '刀', '極');
INSERT OR IGNORE INTO weapon_aptitudes (warrior_id, weapon_type, aptitude) VALUES (11, '馬', '良');
INSERT OR IGNORE INTO weapon_aptitudes (warrior_id, weapon_type, aptitude) VALUES (11, '弓', '良');
INSERT OR IGNORE INTO weapon_aptitudes (warrior_id, weapon_type, aptitude) VALUES (11, '槍', '優');
INSERT OR IGNORE INTO weapon_aptitudes (warrior_id, weapon_type, aptitude) VALUES (12, '刀', '極');
INSERT OR IGNORE INTO weapon_aptitudes (warrior_id, weapon_type, aptitude) VALUES (12, '馬', '良');
INSERT OR IGNORE INTO weapon_aptitudes (warrior_id, weapon_type, aptitude) VALUES (12, '弓', '凡');
INSERT OR IGNORE INTO weapon_aptitudes (warrior_id, weapon_type, aptitude) VALUES (12, '槍', '優');
INSERT OR IGNORE INTO weapon_aptitudes (warrior_id, weapon_type, aptitude) VALUES (13, '刀', '極');
INSERT OR IGNORE INTO weapon_aptitudes (warrior_id, weapon_type, aptitude) VALUES (13, '馬', '良');
INSERT OR IGNORE INTO weapon_aptitudes (warrior_id, weapon_type, aptitude) VALUES (13, '弓', '凡');
INSERT OR IGNORE INTO weapon_aptitudes (warrior_id, weapon_type, aptitude) VALUES (13, '槍', '優');
INSERT OR IGNORE INTO weapon_aptitudes (warrior_id, weapon_type, aptitude) VALUES (14, '刀', '優');
INSERT OR IGNORE INTO weapon_aptitudes (warrior_id, weapon_type, aptitude) VALUES (14, '馬', '優');
INSERT OR IGNORE INTO weapon_aptitudes (warrior_id, weapon_type, aptitude) VALUES (14, '弓', '凡');
INSERT OR IGNORE INTO weapon_aptitudes (warrior_id, weapon_type, aptitude) VALUES (14, '槍', '良');
INSERT OR IGNORE INTO weapon_aptitudes (warrior_id, weapon_type, aptitude) VALUES (15, '刀', '優');
INSERT OR IGNORE INTO weapon_aptitudes (warrior_id, weapon_type, aptitude) VALUES (15, '馬', '良');
INSERT OR IGNORE INTO weapon_aptitudes (warrior_id, weapon_type, aptitude) VALUES (15, '弓', '良');
INSERT OR IGNORE INTO weapon_aptitudes (warrior_id, weapon_type, aptitude) VALUES (15, '槍', '極');
INSERT OR IGNORE INTO weapon_aptitudes (warrior_id, weapon_type, aptitude) VALUES (16, '刀', '極');
INSERT OR IGNORE INTO weapon_aptitudes (warrior_id, weapon_type, aptitude) VALUES (16, '馬', '凡');
INSERT OR IGNORE INTO weapon_aptitudes (warrior_id, weapon_type, aptitude) VALUES (16, '弓', '良');
INSERT OR IGNORE INTO weapon_aptitudes (warrior_id, weapon_type, aptitude) VALUES (16, '槍', '優');
INSERT OR IGNORE INTO weapon_aptitudes (warrior_id, weapon_type, aptitude) VALUES (17, '刀', '優');
INSERT OR IGNORE INTO weapon_aptitudes (warrior_id, weapon_type, aptitude) VALUES (17, '馬', '極');
INSERT OR IGNORE INTO weapon_aptitudes (warrior_id, weapon_type, aptitude) VALUES (17, '弓', '良');
INSERT OR IGNORE INTO weapon_aptitudes (warrior_id, weapon_type, aptitude) VALUES (17, '槍', '凡');
INSERT OR IGNORE INTO weapon_aptitudes (warrior_id, weapon_type, aptitude) VALUES (18, '刀', '極');
INSERT OR IGNORE INTO weapon_aptitudes (warrior_id, weapon_type, aptitude) VALUES (18, '馬', '凡');
INSERT OR IGNORE INTO weapon_aptitudes (warrior_id, weapon_type, aptitude) VALUES (18, '弓', '良');
INSERT OR IGNORE INTO weapon_aptitudes (warrior_id, weapon_type, aptitude) VALUES (18, '槍', '優');
INSERT OR IGNORE INTO weapon_aptitudes (warrior_id, weapon_type, aptitude) VALUES (19, '刀', '凡');
INSERT OR IGNORE INTO weapon_aptitudes (warrior_id, weapon_type, aptitude) VALUES (19, '馬', '優');
INSERT OR IGNORE INTO weapon_aptitudes (warrior_id, weapon_type, aptitude) VALUES (19, '弓', '良');
INSERT OR IGNORE INTO weapon_aptitudes (warrior_id, weapon_type, aptitude) VALUES (19, '槍', '極');
INSERT OR IGNORE INTO weapon_aptitudes (warrior_id, weapon_type, aptitude) VALUES (20, '刀', '良');
INSERT OR IGNORE INTO weapon_aptitudes (warrior_id, weapon_type, aptitude) VALUES (20, '馬', '極');
INSERT OR IGNORE INTO weapon_aptitudes (warrior_id, weapon_type, aptitude) VALUES (20, '弓', '良');
INSERT OR IGNORE INTO weapon_aptitudes (warrior_id, weapon_type, aptitude) VALUES (20, '槍', '優');
INSERT OR IGNORE INTO weapon_aptitudes (warrior_id, weapon_type, aptitude) VALUES (21, '刀', '優');
INSERT OR IGNORE INTO weapon_aptitudes (warrior_id, weapon_type, aptitude) VALUES (21, '馬', '極');
INSERT OR IGNORE INTO weapon_aptitudes (warrior_id, weapon_type, aptitude) VALUES (21, '弓', '下');
INSERT OR IGNORE INTO weapon_aptitudes (warrior_id, weapon_type, aptitude) VALUES (21, '槍', '良');
INSERT OR IGNORE INTO weapon_aptitudes (warrior_id, weapon_type, aptitude) VALUES (22, '刀', '良');
INSERT OR IGNORE INTO weapon_aptitudes (warrior_id, weapon_type, aptitude) VALUES (22, '馬', '優');
INSERT OR IGNORE INTO weapon_aptitudes (warrior_id, weapon_type, aptitude) VALUES (22, '弓', '極');
INSERT OR IGNORE INTO weapon_aptitudes (warrior_id, weapon_type, aptitude) VALUES (22, '槍', '凡');
INSERT OR IGNORE INTO weapon_aptitudes (warrior_id, weapon_type, aptitude) VALUES (23, '刀', '極');
INSERT OR IGNORE INTO weapon_aptitudes (warrior_id, weapon_type, aptitude) VALUES (23, '馬', '良');
INSERT OR IGNORE INTO weapon_aptitudes (warrior_id, weapon_type, aptitude) VALUES (23, '弓', '凡');
INSERT OR IGNORE INTO weapon_aptitudes (warrior_id, weapon_type, aptitude) VALUES (23, '槍', '優');
INSERT OR IGNORE INTO weapon_aptitudes (warrior_id, weapon_type, aptitude) VALUES (24, '刀', '優');
INSERT OR IGNORE INTO weapon_aptitudes (warrior_id, weapon_type, aptitude) VALUES (24, '馬', '凡');
INSERT OR IGNORE INTO weapon_aptitudes (warrior_id, weapon_type, aptitude) VALUES (24, '弓', '下');
INSERT OR IGNORE INTO weapon_aptitudes (warrior_id, weapon_type, aptitude) VALUES (24, '槍', '極');
INSERT OR IGNORE INTO weapon_aptitudes (warrior_id, weapon_type, aptitude) VALUES (25, '刀', '凡');
INSERT OR IGNORE INTO weapon_aptitudes (warrior_id, weapon_type, aptitude) VALUES (25, '馬', '優');
INSERT OR IGNORE INTO weapon_aptitudes (warrior_id, weapon_type, aptitude) VALUES (25, '弓', '極');
INSERT OR IGNORE INTO weapon_aptitudes (warrior_id, weapon_type, aptitude) VALUES (25, '槍', '良');
INSERT OR IGNORE INTO weapon_aptitudes (warrior_id, weapon_type, aptitude) VALUES (26, '刀', '優');
INSERT OR IGNORE INTO weapon_aptitudes (warrior_id, weapon_type, aptitude) VALUES (26, '馬', '極');
INSERT OR IGNORE INTO weapon_aptitudes (warrior_id, weapon_type, aptitude) VALUES (26, '弓', '良');
INSERT OR IGNORE INTO weapon_aptitudes (warrior_id, weapon_type, aptitude) VALUES (26, '槍', '良');
INSERT OR IGNORE INTO weapon_aptitudes (warrior_id, weapon_type, aptitude) VALUES (27, '刀', '優');
INSERT OR IGNORE INTO weapon_aptitudes (warrior_id, weapon_type, aptitude) VALUES (27, '馬', '極');
INSERT OR IGNORE INTO weapon_aptitudes (warrior_id, weapon_type, aptitude) VALUES (27, '弓', '凡');
INSERT OR IGNORE INTO weapon_aptitudes (warrior_id, weapon_type, aptitude) VALUES (27, '槍', '良');
INSERT OR IGNORE INTO weapon_aptitudes (warrior_id, weapon_type, aptitude) VALUES (28, '刀', '優');
INSERT OR IGNORE INTO weapon_aptitudes (warrior_id, weapon_type, aptitude) VALUES (28, '馬', '極');
INSERT OR IGNORE INTO weapon_aptitudes (warrior_id, weapon_type, aptitude) VALUES (28, '弓', '良');
INSERT OR IGNORE INTO weapon_aptitudes (warrior_id, weapon_type, aptitude) VALUES (28, '槍', '良');
INSERT OR IGNORE INTO weapon_aptitudes (warrior_id, weapon_type, aptitude) VALUES (29, '刀', '優');
INSERT OR IGNORE INTO weapon_aptitudes (warrior_id, weapon_type, aptitude) VALUES (29, '馬', '凡');
INSERT OR IGNORE INTO weapon_aptitudes (warrior_id, weapon_type, aptitude) VALUES (29, '弓', '良');
INSERT OR IGNORE INTO weapon_aptitudes (warrior_id, weapon_type, aptitude) VALUES (29, '槍', '極');
INSERT OR IGNORE INTO weapon_aptitudes (warrior_id, weapon_type, aptitude) VALUES (30, '刀', '凡');
INSERT OR IGNORE INTO weapon_aptitudes (warrior_id, weapon_type, aptitude) VALUES (30, '馬', '優');
INSERT OR IGNORE INTO weapon_aptitudes (warrior_id, weapon_type, aptitude) VALUES (30, '弓', '良');
INSERT OR IGNORE INTO weapon_aptitudes (warrior_id, weapon_type, aptitude) VALUES (30, '槍', '極');

-- Skills
INSERT OR IGNORE INTO skills (id, name, color, weapon_restriction, skill_type, description, sort_order) VALUES (1, '天下無双', NULL, NULL, 'パッシブ', '距離2以下の目標に与える全ダメージ18%（45%)増加、距離2以上の攻撃から受ける全ダメージ11%（20%）減少する。同時に3部隊以上から攻撃を受ける時、ダメージ増加効果は無効となる', 1);
INSERT OR IGNORE INTO skills (id, name, color, weapon_restriction, skill_type, description, sort_order) VALUES (2, '百歩先の戟をも中てる', NULL, '弓のみ', 'パッシブ', '部隊の与える全ダメージが11%（20%）（武力加算）上昇し、移動中の目標へ命中率12%（30%）上昇。自部隊より高い位置にいる目標への命中率は21%（30%）上昇する。', 2);
INSERT OR IGNORE INTO skills (id, name, color, weapon_restriction, skill_type, description, sort_order) VALUES (3, '危機にも怯まず', NULL, NULL, 'パッシブ', '部隊の全被ダメ減少 5.5%（10%）減少。直前2秒間に攻撃を受けた敵部隊から受けた攻撃数に応じてさらに2%増加（最大11.5%【25％】まで上昇）', 3);
INSERT OR IGNORE INTO skills (id, name, color, weapon_restriction, skill_type, description, sort_order) VALUES (4, '孤城を固守', NULL, NULL, 'パッシブ', '部隊の全被ダメ6%【15％】（胆力補正）減少。【隣接】に存在する敵1部隊につき、ダメージ軽減効果が追加増加 3.5%【8%】', 4);
INSERT OR IGNORE INTO skills (id, name, color, weapon_restriction, skill_type, description, sort_order) VALUES (5, '槍、龍の如く出る', NULL, NULL, '連鎖', '通常攻撃後、25%の確率で敵部隊に1~3回の武功ダメージ 75%【165%】を与える。槍兵系兵種の場合、2～3回となる。', 5);
INSERT OR IGNORE INTO skills (id, name, color, weapon_restriction, skill_type, description, sort_order) VALUES (6, '単騎単馬', NULL, NULL, 'パッシブ', '【隣接】に存在する敵部隊1部隊につき、部隊の全与ダメ5.5%【10%】上昇（武力補正）、最大で15%【60%】まで上昇', 6);
INSERT OR IGNORE INTO skills (id, name, color, weapon_restriction, skill_type, description, sort_order) VALUES (7, '怒髪冠を衝く', NULL, NULL, '連鎖', '通常攻撃後、26％【35％】の確率で敵部隊に武功ダメージ 。115%【250％】、敵の怒気を3.5【8】減少。自身は○○状態の影響を受けなくなる。効果は2秒間持続', 7);
INSERT OR IGNORE INTO skills (id, name, color, weapon_restriction, skill_type, description, sort_order) VALUES (8, '岳家槍陣', NULL, '槍のみ', 'パッシブ', '騎兵からの全被ダメ6.5%【20％】減少（胆力補正）、騎兵に与える全与ダメ6.5%【20％】増加（武力補正）', 8);
INSERT OR IGNORE INTO skills (id, name, color, weapon_restriction, skill_type, description, sort_order) VALUES (9, '東征西討', NULL, NULL, '怒気技', '主将時、怒気100以上で全怒気を消費し、【前方扇形範囲】内最大4部隊に武攻ダメージ 550%【1000% 怒気補正】、敵1部隊毎にダメージ率-60%', 9);
INSERT OR IGNORE INTO skills (id, name, color, weapon_restriction, skill_type, description, sort_order) VALUES (10, '千里を転戦', NULL, '弓以外', 'パッシブ', '戦闘状態にない時、移動速度+55【100】。【隣接】に存在する味方または友軍部隊1部隊につき、部隊の全与ダメを5.5%【10%】（武力補正）上昇させる。最大で45%まで', 10);
INSERT OR IGNORE INTO skills (id, name, color, weapon_restriction, skill_type, description, sort_order) VALUES (11, '矢神', '弓のみ', NULL, 'パッシブ', '自身の通常攻撃クリティカル率を5.5%【10%】上昇。通常攻撃の対象の【隣接】の1部隊の敵部隊に追加で通常攻撃ダメージ 35%【80％】を与える。追加ダメージは連鎖を発動しない。', 11);
INSERT OR IGNORE INTO skills (id, name, color, weapon_restriction, skill_type, description, sort_order) VALUES (12, '日を射る', NULL, '弓のみ', 'パッシブ', '部隊のアクティブスキルおよび怒気技のクリティカル率が6.5%【20%】上昇。対象部隊の高度が自身より高い場合、さらにアクティブスキルと怒気技のクリティカル率が18.5%【50％】増加（武力補正）', 12);
INSERT OR IGNORE INTO skills (id, name, color, weapon_restriction, skill_type, description, sort_order) VALUES (13, '敵を克し勝利を掴む', NULL, NULL, 'パッシブ', '部隊の有利兵種効果が10.5%【15%】増加する（知力補正）', 13);
INSERT OR IGNORE INTO skills (id, name, color, weapon_restriction, skill_type, description, sort_order) VALUES (14, '兵は常に形無し', NULL, NULL, 'パッシブ', '部隊がダメージを受ける際、不利兵種による被ダメ増加の影響を受けず、与ダメ時の有利兵種効果が12%【30%】増加する。（知力補正）', 14);
INSERT OR IGNORE INTO skills (id, name, color, weapon_restriction, skill_type, description, sort_order) VALUES (15, '八九玄功', NULL, NULL, 'パッシブ', '自身のダメージを与える時、30%【75%】の確率で敵の被ダメ減少効果を無視し、さらに自分は10レベルごとに追加で10ポイントの能力を獲得する。自身が40レベルの際、第2スキルレベルが+1、45レベルの際は第3スキルレベルが+1、50レベルの際は第2、第3レベルがさらに+1される。', 15);
INSERT OR IGNORE INTO skills (id, name, color, weapon_restriction, skill_type, description, sort_order) VALUES (16, '九転の元功', NULL, NULL, 'パッシブ', '部隊は全てのデバフ状態を無効化し、ダメージを受ける度、そのダメージ元の部隊に対して全被ダメを2%減少（胆力補正）。ダメージ元1部隊あたり2秒ごとに1回まで最大で12%【30%】減少。戦闘離脱まで持続', 16);
INSERT OR IGNORE INTO skills (id, name, color, weapon_restriction, skill_type, description, sort_order) VALUES (17, '連営の火', NULL, NULL, '能動', '25%の確率で発動し、敵軍部隊に知攻ダメージ 120%【300%】を与え、かつマスを【燃焼】状態（ダメージ90%【180%】）にする。持続時間4秒間。2秒後、燃焼は燃焼していない敵軍がいるマスに優先して蔓延する。持続時間4秒間。最大2回まで拡大可能。対象マスがすでに燃焼状態なら、知攻ダメージ 120%【300%】を与え、さらに500の固定兵力ダメージ（兵科影響あり）を追加で与える。', 17);
INSERT OR IGNORE INTO skills (id, name, color, weapon_restriction, skill_type, description, sort_order) VALUES (18, '絶境から生還', NULL, NULL, 'パッシブ', '部隊が兵力上限x32%【50%】以下の時、2秒ごとに部隊の兵力が一定量回復する（回復率 70%【250%】知力補正）。非戦闘時でも回復可能。出征前の兵力が10000を超える場合、致命ダメージを受けた時に【ダメージ無効】と【免疫】状態に入り、12秒持続し、100秒以内に再発動できない。', 18);
INSERT OR IGNORE INTO skills (id, name, color, weapon_restriction, skill_type, description, sort_order) VALUES (19, '阻撃戦', '弓以外', NULL, 'パッシブ', '【円形範囲】内の敵部隊が攻撃後、自身未移動時37%【100%】確率で攻撃元に武攻ダメージ 55%【100%】、前2秒に受けた攻撃1部隊毎に12%【30%】追加。最大60%【150%】2秒毎に1部隊最大1回発動。反撃スキル', 19);
INSERT OR IGNORE INTO skills (id, name, color, weapon_restriction, skill_type, description, sort_order) VALUES (20, '生々と絶えず', NULL, NULL, 'パッシブ', '部隊が300兵力回復するごとに、部隊の与ダメージが1%【10%】増加（武力補正）。最大で55%【100%】。同時に部隊の被ダメを1%【10%】減少。2秒間持続。効果は重ねがけ可能。', 20);
INSERT OR IGNORE INTO skills (id, name, color, weapon_restriction, skill_type, description, sort_order) VALUES (21, '陣を叫ぶ', NULL, NULL, '能動', '11.5%【25%】の確率で発動し、自身の【円形範囲】内の2部隊の敵部隊を【挑発】状態にし、部隊に【通常攻撃被ダメージ軽減】状態を付与し、受ける通常攻撃ダメージを23％【50%】軽減し、4秒間持続', 21);
INSERT OR IGNORE INTO skills (id, name, color, weapon_restriction, skill_type, description, sort_order) VALUES (22, '一人で関を守る', NULL, NULL, 'パッシブ', '部隊が攻撃対象となった際、敵部隊の連鎖スキル発動率が6％【15%】減少します。（胆力補正）', 22);
INSERT OR IGNORE INTO skills (id, name, color, weapon_restriction, skill_type, description, sort_order) VALUES (23, '君に忠じて道を守る', NULL, NULL, 'パッシブ', '【隣接】の味方部隊被ダメージ時、部隊が22%【40%】のダメージを肩代わりする。（ダメージの22%【40%】軽減。胆力補正）。他効果発動不可', 23);
INSERT OR IGNORE INTO skills (id, name, color, weapon_restriction, skill_type, description, sort_order) VALUES (24, '城を固めて守る', NULL, NULL, 'パッシブ', '部隊が弓兵から受ける全ダメージが32%【50%】減少（胆力補正）し、弓兵以外から受ける全ダメージ6.5%【20%】減少する。（胆力補正）', 24);
INSERT OR IGNORE INTO skills (id, name, color, weapon_restriction, skill_type, description, sort_order) VALUES (25, '目には目を', NULL, NULL, 'パッシブ', '２秒ごとに敵部隊へ武攻ダメージ 30%を与え、さらに目標部隊が直前2秒間に行った通常攻撃の回数ごとにダメージ率が加算され、1回ごとに追加13%【40%】ダメージ率が上昇します。', 25);
INSERT OR IGNORE INTO skills (id, name, color, weapon_restriction, skill_type, description, sort_order) VALUES (26, '暴に以って暴を制す', NULL, NULL, 'パッシブ', '直近10秒以内に目標部隊からのダメージを受けている場合、その部隊に対して与える全ダメージが12%【30%】増加します。（武力補正）', 26);
INSERT OR IGNORE INTO skills (id, name, color, weapon_restriction, skill_type, description, sort_order) VALUES (27, '必殺策', NULL, NULL, '能動', '26%【35%】の確率で発動し、まず目標部隊が自身から得ている【中毒】状態を処理し、その後、敵部隊を【中毒】状態（ダメージ率87%【150%】）にし、6秒間持続', 27);
INSERT OR IGNORE INTO skills (id, name, color, weapon_restriction, skill_type, description, sort_order) VALUES (28, '一策も洩らさず', NULL, NULL, 'パッシブ', '部隊の全ての武将はアクティブスキルを発動するたびに、その発動した武将の武力と知力が13【40】（知力補正）上昇し、2秒間持続する', 28);
INSERT OR IGNORE INTO skills (id, name, color, weapon_restriction, skill_type, description, sort_order) VALUES (29, '猛志常に在り', NULL, NULL, 'パッシブ', '部隊の怒気下限が23【50】まで上昇し、怒気の自然回復速度は2秒ごとに5に減少する', 29);
INSERT OR IGNORE INTO skills (id, name, color, weapon_restriction, skill_type, description, sort_order) VALUES (30, '功を求めて命を奮う', NULL, NULL, 'パッシブ', '部隊が直前10秒以内に失った兵力が13000を超える場合、部隊の全ダメージのクリティカル率が55%【100%】上昇し、クリティカルダメージが55%【100%】（武力補正）増加する。', 30);
INSERT OR IGNORE INTO skills (id, name, color, weapon_restriction, skill_type, description, sort_order) VALUES (31, '動かざること山の如し', NULL, NULL, 'パッシブ', '戦闘開始後、2秒ごとに1層の【属性上昇】状態を獲得し、自身の武力・知力・胆力が5増加する。この効果は最大3【12】層まで重複可能。層数が3層を超えると挑発状態を無効化する。移動するたびに層数はリセットされる。', 31);
INSERT OR IGNORE INTO skills (id, name, color, weapon_restriction, skill_type, description, sort_order) VALUES (32, '老いて益々壮健', NULL, NULL, 'パッシブ', '部隊の負傷率が19%【10%】減少し、【治療禁止】状態となる。受ける全ダメージが11%【20%】減少し、与える全ダメージが11%【20%】（武力補正）上昇する。', 32);
INSERT OR IGNORE INTO skills (id, name, color, weapon_restriction, skill_type, description, sort_order) VALUES (33, '玄甲鉄騎', NULL, NULL, 'パッシブ', '部隊が受ける武攻ダメージが7%【25%】減少し、知攻ダメージ（被ダメ）が19%【10%】増加する。また、距離が1を超える全ダメージについては、さらに15%減少する。', 33);
INSERT OR IGNORE INTO skills (id, name, color, weapon_restriction, skill_type, description, sort_order) VALUES (34, '百戦の奇略', NULL, NULL, 'パッシブ', '部隊の残兵力が60%以上の場合、与える全ダメージが12%【30%】（武力補正）上昇し、それ未満の場合は受ける全ダメージが11%【20%】減少する。', 34);
INSERT OR IGNORE INTO skills (id, name, color, weapon_restriction, skill_type, description, sort_order) VALUES (35, '刀を鳴らし犬を屠る', NULL, NULL, 'パッシブ', '部隊の全武将がダメージを与える時、敵部隊の胆力6%【15%】を無視する。', 35);
INSERT OR IGNORE INTO skills (id, name, color, weapon_restriction, skill_type, description, sort_order) VALUES (36, '破竹の勢い', NULL, NULL, 'パッシブ', '部隊の連鎖スキル発動率が5%上昇し、連鎖スキルダメージが6.5%【20%】（武力補正）増加する。', 36);
INSERT OR IGNORE INTO skills (id, name, color, weapon_restriction, skill_type, description, sort_order) VALUES (37, '鉄槍で敵を破る', NULL, NULL, '連鎖', '通常攻撃後、30%の確率で敵部隊に武攻ダメージ 95%【230％】を与え、敵の全武将を〇〇状態にし、胆力を6【15】減少させる。効果4秒間持続', 37);
INSERT OR IGNORE INTO skills (id, name, color, weapon_restriction, skill_type, description, sort_order) VALUES (38, '鉄胆の槍塊', NULL, NULL, 'パッシブ', '部隊所属の全武将は、各行動ごとに30%【75％】の確率（武力補正）で【連撃】状態を2秒間獲得します。刀兵系・騎兵系兵種の場合、連撃発動率が15%減少し、弓兵系兵種の場合は連撃発動率が40%減少します。各武将ごとに個別判定されます。', 38);
INSERT OR IGNORE INTO skills (id, name, color, weapon_restriction, skill_type, description, sort_order) VALUES (39, '怒って万軍を破る', NULL, NULL, '怒気技', '主将時に怒気110以上の時、全怒気を消費し、【円形範囲】内の最大6部隊に武攻ダメージ 315%【540%】（怒気補正）を与え、3部隊以上の部隊にダメージを与えた場合、怒気回復効率を50%上昇させ、次にこのスキルを発動するまで持続する。', 39);
INSERT OR IGNORE INTO skills (id, name, color, weapon_restriction, skill_type, description, sort_order) VALUES (40, '短兵接近戦', NULL, '弓以外', 'パッシブ', '【隣接】の敵部隊に与えるアクティブ及び連鎖ダメージを12.5%【35%】（武力補正）上昇させる', 40);
INSERT OR IGNORE INTO skills (id, name, color, weapon_restriction, skill_type, description, sort_order) VALUES (41, '烈火天を覆う', NULL, NULL, '怒気技', '主将時に怒気100以上の時、全怒気を消費し、自身前方【直線範囲】内の敵部隊に智攻ダメージ 325%【550%】（怒気補正）、対象が燃焼タイル上にいる場合、ダメージ率は670%【1300%】。タイルを【燃焼】状態（ダメージ率90%【180%】）にし、8秒間持続', 41);
INSERT OR IGNORE INTO skills (id, name, color, weapon_restriction, skill_type, description, sort_order) VALUES (42, '焼き尽くす', NULL, '兵器含む', 'パッシブ', '部隊が器械および建築物に与える全ダメージが65%【200％】増加します。（知力補正）', 42);
INSERT OR IGNORE INTO skills (id, name, color, weapon_restriction, skill_type, description, sort_order) VALUES (43, '万箭同時に放つ', '弓のみ', NULL, '能動', '31%【40%】の確率で発動し、対象部隊及びその【隣接】の敵部隊に武功ダメージ 86%【140%】を与え、敵部隊が1部隊多いごとにダメージ率が20%減少し、最大80%まで減少する。', 43);
INSERT OR IGNORE INTO skills (id, name, color, weapon_restriction, skill_type, description, sort_order) VALUES (44, '弱点を攻破', NULL, NULL, 'パッシブ', '敵部隊に異なるデバフ状態が1種類あるごとに、その部隊への全ダメージが3.7%【10%】増加（武力補正）。最大で50%まで', 44);
INSERT OR IGNORE INTO skills (id, name, color, weapon_restriction, skill_type, description, sort_order) VALUES (45, '骨の削りて傷を癒す', NULL, NULL, '能動', '21%【30%】の確率で発動し、部隊の兵力を一定回復 220%【400%】（知力補正）、さらに自身部隊が【免疫】状態を4秒間獲得', 45);
INSERT OR IGNORE INTO skills (id, name, color, weapon_restriction, skill_type, description, sort_order) VALUES (46, '神医', NULL, NULL, 'パッシブ', '部隊の負傷率+1%【10%】、回復効果が35%【80%】増加する（知力補正）', 46);
INSERT OR IGNORE INTO skills (id, name, color, weapon_restriction, skill_type, description, sort_order) VALUES (47, '計は深く、思いは遠し', NULL, NULL, '連鎖', '通行攻撃後、32%【50%】の確率で敵部隊に知攻ダメージ 66%【120%】を与え、対象部隊の全ての強化状態を解除する。', 47);
INSERT OR IGNORE INTO skills (id, name, color, weapon_restriction, skill_type, description, sort_order) VALUES (48, '天下に範を示す母儀', NULL, NULL, 'パッシブ', '部隊が与える全ダメージが6%【15%】増加します。（知力補正）。さらに5怒気ごとに追加で1%増加します。', 48);
INSERT OR IGNORE INTO skills (id, name, color, weapon_restriction, skill_type, description, sort_order) VALUES (49, '猿臂の弓名人', '弓のみ', NULL, 'パッシブ', '自身の通常攻撃に貫通効果が付与され、攻撃範囲内で同一直線かつ同じ高さにいる最大4つの敵部隊に通常攻撃ダメージを与える。ダメージ率 80%/57%【120%】/90%【180%】/115%【250%】の順となる。連鎖は最初にダメージを受けた部隊のみ発動する。', 49);
INSERT OR IGNORE INTO skills (id, name, color, weapon_restriction, skill_type, description, sort_order) VALUES (50, '飛将軍', NULL, NULL, 'パッシブ', '部隊が受ける全ダメージが13%【40%】（胆力補正）減少します。部隊が何らかのダメージを与えた後は、被ダメージ減少効果が消失し、代わりに全ダメージが11%【20%】（武力補正）増加します。この効果は戦闘終了まで持続します。', 50);
INSERT OR IGNORE INTO skills (id, name, color, weapon_restriction, skill_type, description, sort_order) VALUES (51, '将を斬り旗を奪う', '全', NULL, '能動', '31%【40%】の確率で発動し、敵部隊に武攻ダメージ 95%【230%】を与える。直前2秒間の兵力損失が2000を超える場合、ダメージ率は225%【450%】となる。', 51);
INSERT OR IGNORE INTO skills (id, name, color, weapon_restriction, skill_type, description, sort_order) VALUES (52, '十騎で城を奪う', NULL, NULL, 'パッシブ', '部隊の兵力が目標部隊の43.5%【30%】以上の時、その部隊に与える全ダメージが出生時の初期兵力を基準として計算される。', 52);
INSERT OR IGNORE INTO skills (id, name, color, weapon_restriction, skill_type, description, sort_order) VALUES (53, '太祖長拳', NULL, NULL, '能動', '31%【40%】の確率で発動し、敵部隊に武功ダメージ 110%【200%】を与える。前回と同じ攻撃対象なら、このスキルのダメージ率が6%【15%】増加（最大15回まで重複）。攻撃対象が異なる場合、ダメージ率増加効果はリセットされる。', 53);
INSERT OR IGNORE INTO skills (id, name, color, weapon_restriction, skill_type, description, sort_order) VALUES (54, '一杯の酒で権を釈す', NULL, '弓以外', 'パッシブ', '部隊がアクティブスキルで直接ダメージを与えた時、追加で65【200】兵力（武力補正）分の固定ダメージを与える。間接ダメージ効果時は追加ダメージ18.5【50】兵力の固定ダメージとなる。', 54);
INSERT OR IGNORE INTO skills (id, name, color, weapon_restriction, skill_type, description, sort_order) VALUES (55, '黄龍を一直線に攻める', NULL, NULL, '能動', '30%の確率で発動し、敵部隊に武攻ダメージ 120%【300%】を与え、【隣接】の敵部隊数＞1かつ隣接に味方または友軍部隊がいない場合、ダメージ率は225%【450%】となる。', 55);
INSERT OR IGNORE INTO skills (id, name, color, weapon_restriction, skill_type, description, sort_order) VALUES (56, '致命の突撃', NULL, '馬のみ', 'パッシブ', '部隊が突撃状態（移動速度が兵種基礎速度以上かつ10秒間維持）で初めて攻撃する時、部隊兵力x1.1%【2%】分の固定ダメージを追加で与える。', 56);
INSERT OR IGNORE INTO skills (id, name, color, weapon_restriction, skill_type, description, sort_order) VALUES (57, '正を以って奇となす', NULL, NULL, 'パッシブ', '部隊全武将がアクティブスキルまたは連鎖スキルを発動するたびに、自身の与ダメージが5.5%【10%】上昇し、ダメージを与える際に敵の胆力6%【15%】を無視する。2秒間持続し、効果は重複可能。', 57);
INSERT OR IGNORE INTO skills (id, name, color, weapon_restriction, skill_type, description, sort_order) VALUES (58, '鴛鴦陣', NULL, NULL, 'パッシブ', '【円形範囲】内の味方槍兵部隊が与えるダメージを6%【15%】（武力補正）上昇させ、味方刀兵部隊が受ける回復効果を12%【30%】上昇させ、味方弓兵部隊のクリティカル率を+5.5%【10%】する。', 58);
INSERT OR IGNORE INTO skills (id, name, color, weapon_restriction, skill_type, description, sort_order) VALUES (59, '援攻', NULL, NULL, 'パッシブ', '行軍時、最初の2秒間に自身の【隣接】に存在し対象にダメージを与えた味方または友軍部隊が1部隊存在するごとに、自身が13%【40%】の確率で追加で1回の通常攻撃を行い、各部隊ごとに独立判定され、最大で3回の追加通常攻撃が可能。', 59);
INSERT OR IGNORE INTO skills (id, name, color, weapon_restriction, skill_type, description, sort_order) VALUES (60, '軍師を務める', NULL, NULL, 'パッシブ', '怒気スキル発動後、部隊が受ける全ダメージが22%【40％】減少（胆力補正）、減少効果は2秒ごとに4%ずつ減少する。', 60);

-- Warrior Skills
INSERT OR IGNORE INTO warrior_skills (warrior_id, skill_id, slot, is_unique) VALUES (1, 1, 1, 1);
INSERT OR IGNORE INTO warrior_skills (warrior_id, skill_id, slot, is_unique) VALUES (1, 2, 2, 1);
INSERT OR IGNORE INTO warrior_skills (warrior_id, skill_id, slot, is_unique) VALUES (2, 3, 1, 1);
INSERT OR IGNORE INTO warrior_skills (warrior_id, skill_id, slot, is_unique) VALUES (2, 4, 2, 1);
INSERT OR IGNORE INTO warrior_skills (warrior_id, skill_id, slot, is_unique) VALUES (3, 5, 1, 1);
INSERT OR IGNORE INTO warrior_skills (warrior_id, skill_id, slot, is_unique) VALUES (3, 6, 2, 1);
INSERT OR IGNORE INTO warrior_skills (warrior_id, skill_id, slot, is_unique) VALUES (4, 7, 1, 1);
INSERT OR IGNORE INTO warrior_skills (warrior_id, skill_id, slot, is_unique) VALUES (4, 8, 2, 1);
INSERT OR IGNORE INTO warrior_skills (warrior_id, skill_id, slot, is_unique) VALUES (5, 9, 1, 1);
INSERT OR IGNORE INTO warrior_skills (warrior_id, skill_id, slot, is_unique) VALUES (5, 10, 2, 1);
INSERT OR IGNORE INTO warrior_skills (warrior_id, skill_id, slot, is_unique) VALUES (6, 11, 1, 1);
INSERT OR IGNORE INTO warrior_skills (warrior_id, skill_id, slot, is_unique) VALUES (6, 12, 2, 1);
INSERT OR IGNORE INTO warrior_skills (warrior_id, skill_id, slot, is_unique) VALUES (7, 13, 1, 1);
INSERT OR IGNORE INTO warrior_skills (warrior_id, skill_id, slot, is_unique) VALUES (7, 14, 2, 1);
INSERT OR IGNORE INTO warrior_skills (warrior_id, skill_id, slot, is_unique) VALUES (8, 15, 1, 1);
INSERT OR IGNORE INTO warrior_skills (warrior_id, skill_id, slot, is_unique) VALUES (8, 16, 2, 1);
INSERT OR IGNORE INTO warrior_skills (warrior_id, skill_id, slot, is_unique) VALUES (9, 17, 1, 1);
INSERT OR IGNORE INTO warrior_skills (warrior_id, skill_id, slot, is_unique) VALUES (9, 18, 2, 1);
INSERT OR IGNORE INTO warrior_skills (warrior_id, skill_id, slot, is_unique) VALUES (10, 19, 1, 1);
INSERT OR IGNORE INTO warrior_skills (warrior_id, skill_id, slot, is_unique) VALUES (10, 20, 2, 1);
INSERT OR IGNORE INTO warrior_skills (warrior_id, skill_id, slot, is_unique) VALUES (11, 21, 1, 1);
INSERT OR IGNORE INTO warrior_skills (warrior_id, skill_id, slot, is_unique) VALUES (11, 22, 2, 1);
INSERT OR IGNORE INTO warrior_skills (warrior_id, skill_id, slot, is_unique) VALUES (12, 23, 1, 1);
INSERT OR IGNORE INTO warrior_skills (warrior_id, skill_id, slot, is_unique) VALUES (12, 24, 2, 1);
INSERT OR IGNORE INTO warrior_skills (warrior_id, skill_id, slot, is_unique) VALUES (13, 25, 1, 1);
INSERT OR IGNORE INTO warrior_skills (warrior_id, skill_id, slot, is_unique) VALUES (13, 26, 2, 1);
INSERT OR IGNORE INTO warrior_skills (warrior_id, skill_id, slot, is_unique) VALUES (14, 27, 1, 1);
INSERT OR IGNORE INTO warrior_skills (warrior_id, skill_id, slot, is_unique) VALUES (14, 28, 2, 1);
INSERT OR IGNORE INTO warrior_skills (warrior_id, skill_id, slot, is_unique) VALUES (15, 29, 1, 1);
INSERT OR IGNORE INTO warrior_skills (warrior_id, skill_id, slot, is_unique) VALUES (15, 30, 2, 1);
INSERT OR IGNORE INTO warrior_skills (warrior_id, skill_id, slot, is_unique) VALUES (16, 31, 1, 1);
INSERT OR IGNORE INTO warrior_skills (warrior_id, skill_id, slot, is_unique) VALUES (16, 32, 2, 1);
INSERT OR IGNORE INTO warrior_skills (warrior_id, skill_id, slot, is_unique) VALUES (17, 33, 1, 1);
INSERT OR IGNORE INTO warrior_skills (warrior_id, skill_id, slot, is_unique) VALUES (17, 34, 2, 1);
INSERT OR IGNORE INTO warrior_skills (warrior_id, skill_id, slot, is_unique) VALUES (18, 35, 1, 1);
INSERT OR IGNORE INTO warrior_skills (warrior_id, skill_id, slot, is_unique) VALUES (18, 36, 2, 1);
INSERT OR IGNORE INTO warrior_skills (warrior_id, skill_id, slot, is_unique) VALUES (19, 37, 1, 1);
INSERT OR IGNORE INTO warrior_skills (warrior_id, skill_id, slot, is_unique) VALUES (19, 38, 2, 1);
INSERT OR IGNORE INTO warrior_skills (warrior_id, skill_id, slot, is_unique) VALUES (20, 39, 1, 1);
INSERT OR IGNORE INTO warrior_skills (warrior_id, skill_id, slot, is_unique) VALUES (20, 40, 2, 1);
INSERT OR IGNORE INTO warrior_skills (warrior_id, skill_id, slot, is_unique) VALUES (21, 41, 1, 1);
INSERT OR IGNORE INTO warrior_skills (warrior_id, skill_id, slot, is_unique) VALUES (21, 42, 2, 1);
INSERT OR IGNORE INTO warrior_skills (warrior_id, skill_id, slot, is_unique) VALUES (22, 43, 1, 1);
INSERT OR IGNORE INTO warrior_skills (warrior_id, skill_id, slot, is_unique) VALUES (22, 44, 2, 1);
INSERT OR IGNORE INTO warrior_skills (warrior_id, skill_id, slot, is_unique) VALUES (23, 45, 1, 1);
INSERT OR IGNORE INTO warrior_skills (warrior_id, skill_id, slot, is_unique) VALUES (23, 46, 2, 1);
INSERT OR IGNORE INTO warrior_skills (warrior_id, skill_id, slot, is_unique) VALUES (24, 47, 1, 1);
INSERT OR IGNORE INTO warrior_skills (warrior_id, skill_id, slot, is_unique) VALUES (24, 48, 2, 1);
INSERT OR IGNORE INTO warrior_skills (warrior_id, skill_id, slot, is_unique) VALUES (25, 49, 1, 1);
INSERT OR IGNORE INTO warrior_skills (warrior_id, skill_id, slot, is_unique) VALUES (25, 50, 2, 1);
INSERT OR IGNORE INTO warrior_skills (warrior_id, skill_id, slot, is_unique) VALUES (26, 51, 1, 1);
INSERT OR IGNORE INTO warrior_skills (warrior_id, skill_id, slot, is_unique) VALUES (26, 52, 2, 1);
INSERT OR IGNORE INTO warrior_skills (warrior_id, skill_id, slot, is_unique) VALUES (27, 53, 1, 1);
INSERT OR IGNORE INTO warrior_skills (warrior_id, skill_id, slot, is_unique) VALUES (27, 54, 2, 1);
INSERT OR IGNORE INTO warrior_skills (warrior_id, skill_id, slot, is_unique) VALUES (28, 56, 2, 1);
INSERT OR IGNORE INTO warrior_skills (warrior_id, skill_id, slot, is_unique) VALUES (29, 57, 1, 1);
INSERT OR IGNORE INTO warrior_skills (warrior_id, skill_id, slot, is_unique) VALUES (29, 58, 2, 1);
INSERT OR IGNORE INTO warrior_skills (warrior_id, skill_id, slot, is_unique) VALUES (30, 59, 1, 1);
INSERT OR IGNORE INTO warrior_skills (warrior_id, skill_id, slot, is_unique) VALUES (30, 60, 2, 1);
